"band","species","beak_length","beak_depth","beak_width","lifespan","first_year"
"1973SK","fuliginosa",8.82,7.35,7.29,0,2014
"2019SK","fuliginosa",9.18,7.15,6.98,0,2015
"203","fortis large",13.76,14.885,12.755,1,2009
"2059SK","fuliginosa",8.68,6.87,6.82,0,2013
"57649","fuliginosa",8.71,6.84,6.81,0,2013
"632","fuliginosa",8.55,6.66,6.41,0,2012
"633","fuliginosa",8.15,7.01,6.43,0,2010
"645","fuliginosa",8.66666666666667,6.92333333333333,6.46,5,2009
"714SK","fuliginosa",8.97,7.47,7.15,0,2004
"AH0001","fortis large",13.69,11.43,12.36,0,2020
"AH0002","scandens",14.35,8.41,7.86,0,2020
"AH0003","fuliginosa",8.85,6.87,6.69,0,2020
"AH0005","fuliginosa",9.37,7.68,7.13,0,2020
"AH0007","fortis small",10.78,9.87,8.59,0,2020
"AH0011","scandens",14.97,8.19,7.43,0,2020
"AH0013","scandens",11.64,7.48,12.12,0,2020
"AH0014","scandens",12.87,7.79,7.68,0,2020
"AH0015","fortis large",12.915,12.885,11.03,0,2020
"AH0016","fortis large",12.52,13.23,10.475,0,2020
"AH0017","fortis large",12.63,11.95,10.58,0,2020
"AH0018","scandens",14.34,8.59,8.01,0,2020
"AH0019","fortis large",12.53,12.17,10.9,0,2020
"AH0020","scandens",14.28,8.71,8.28,0,2020
"AH0021","scandens",13.95,8.88,8.13,0,2020
"AH0022","fortis small",12.62,11.64,9.55,0,2020
"AH0024","fortis small",10.77,12.1,10.23,0,2020
"AH0025","fortis large",13.08,12.12,10.69,0,2020
"AH0026","fortis large",13.66,14.62,12.18,0,2020
"AH0027","fortis small",11.55,9.9,9.27,0,2020
"AH0028","fortis small",11.81,9.36,8.65,0,2020
"AH0029","fortis large",12.945,11.99,10.4,0,2020
"AH0030","fortis large",13.78,13.03,11.03,0,2020
"AH0031","fortis small",11.26,9.77,9.4,0,2020
"AH0033","fortis small",11.18,10.16,9.53,0,2020
"AH0034","scandens",14.72,8.74,8.19,0,2020
"AH0035","scandens",14.41,8.47,7.75,0,2020
"AH0036","fortis small",12,11.57,10.21,0,2020
"AH0037","fortis small",11.07,10.23,9.2,0,2020
"AH0038","fortis small",11.41,8.39,8.48,0,2020
"AH0039","fortis small",11.83,10.81,9.68,0,2020
"AH0041","fortis large",14.54,13.74,11.23,0,2020
"AH0042","fortis small",10.69,10.26,8.98,0,2020
"AH0043","fortis large",13.1866666666667,12.7333333333333,10.86,0,2020
"AH0044","scandens",16.1,8.73,8.17,0,2020
"AH0045","fortis small",12.38,10.14,9.45,0,2020
"AH0048","scandens",14.62,9.91,8.6,0,2020
"AH0049","fortis small",11.87,11.0866666666667,10.0133333333333,0,2020
"AH0050","fortis large",12.665,12.05,10.475,0,2020
"AH0051","fortis large",13.85,14.05,12.3,0,2020
"AH0052","scandens",14.94,7.93,9.28,0,2020
"AH0054","fortis large",13.8,13.6,11.53,0,2020
"AH0056","scandens",13.41,8.78,8.33,0,2020
"AH0057","fortis small",11.515,9.925,9.005,0,2020
"AH0068","magnirostris",14.5,14.46,13.07,0,2020
"AH0069","fortis large",11.92,11.84,10.65,0,2020
"AH0070","fortis large",12.95,12.63,10.6,0,2020
"AH0071","scandens",14.46,8.46,8.09,0,2020
"AH0072","scandens",14.28,8.34,7.8,0,2020
"AH0073","fortis small",11.44,9.72,8.71,0,2020
"AH0074","scandens",12,8.8,8.46,0,2020
"AH0075","fortis large",12.55,11.95,10.56,0,2020
"AH0076","fortis small",12.09,10.75,10.07,0,2020
"AH0077","fortis large",13.41,12.78,11.5,0,2020
"AH0078","fortis large",12.64,13.86,11.47,0,2020
"AH0079","fortis small",11.6,10.53,8.97,0,2020
"AH0081","fortis small",11.73,10.58,9.26,0,2020
"AH0082","fortis small",11.92,10.05,8.81,0,2020
"AH0083","scandens",14.06,8.25,7.86,0,2020
"AH0084","fortis small",12.99,10.45,9.55,0,2020
"AH0085","fortis large",13.27,14.33,11.37,0,2020
"AH0086","fortis small",11.43,10.21,9.36,0,2020
"AH0088","fortis small",12.45,10.23,9.36,0,2020
"AH0089","scandens",13.72,8.555,8.075,0,2020
"AH0092","fortis small",11.25,10.44,8.99,0,2020
"AH0094","fortis small",10.76,9.63,9.61,0,2020
"AH0096","fortis small",12.67,11.03,9.76,0,2020
"AH0097","fortis small",11.635,10.39,9.065,0,2020
"AH0098","fortis small",12.65,10.47,9.03,0,2020
"AH0099","scandens",13.48,8.48,7.97,0,2020
"HS816","fortis small",11.55,10.3,9.59,0,2013
"JP002","fuliginosa",8.39,6.9,6.5,0,2010
"JP003","fuliginosa",7.98,6.955,6.41,5,2010
"JP005","fuliginosa",8.45,6.98,6.77,0,2010
"JP006","fuliginosa",8.5,7.14,6.99,0,2010
"JP007","fuliginosa",9.13,7.7,7.13,0,2010
"JP008","fuliginosa",7.23,6.5,6.65,0,2010
"JP009","fuliginosa",8.19,6.67,6.68,0,2010
"JP012","fuliginosa",8.23,7.48,6.74,0,2010
"JP013","fuliginosa",8.16,6.93,6.97,0,2010
"JP014","fuliginosa",7.96,6.82,6.49,0,2010
"JP016","fuliginosa",8.305,6.94,6.73,1,2010
"JP017","fuliginosa",8.19,7.51,6.67,0,2010
"JP018","fuliginosa",8.58,7.05,6.37,0,2010
"JP019","fuliginosa",8.95,7.28,6.82,0,2010
"JP020","fuliginosa",8.98,7.61,7.09,0,2010
"JP021","fuliginosa",8.68,7.7,7.2,0,2010
"JP022","fuliginosa",8.88,7.28,6.76,0,2010
"JP023","fuliginosa",7.33,7.09,7.06,0,2010
"JP025","fuliginosa",8.43,7.23,6.4,0,2010
"JP026","fuliginosa",9.02,7.215,6.79,3,2010
"JP027","fuliginosa",8.99,8.03,7.39,0,2010
"JP028","fuliginosa",9.02,7.11,6.81,0,2010
"JP029","fuliginosa",7.97,7.2,6.7,0,2010
"JP033","fuliginosa",8.26,6.76,6.54,0,2010
"JP034","fuliginosa",9.08,7.62,7.38,0,2010
"JP035","fuliginosa",8.565,7.275,7.05,1,2010
"JP036","fuliginosa",8.35,7.19,7.34,0,2010
"JP037","fuliginosa",8.59,7.18,6.83,0,2010
"JP044","fuliginosa",9.01,7.12,6.67,0,2010
"JP046","fuliginosa",8.5,7.24,6.75,0,2010
"JP047","fuliginosa",8.24,7.19,6.46,0,2010
"JP050","fuliginosa",8.73,7.75,7.03,0,2010
"JP051","fuliginosa",8.52,7.36,6.94,0,2010
"JP052","fuliginosa",8.63,7.47,6.94,0,2010
"JP053","fuliginosa",9.05,7.51,6.98,0,2010
"JP055","fuliginosa",8.38,7.43,7.08,0,2010
"JP057","fuliginosa",8.33,7.31,6.91,0,2010
"JP058","fuliginosa",8.05,7.59,6.86,0,2010
"JP063","fuliginosa",8.21,7.01,6.76,0,2010
"JP065","fuliginosa",8.17,7.12,6.75,0,2010
"JP066","fuliginosa",7.92,6.92,6.34,0,2010
"JP067","fuliginosa",8.33,6.99,6.55,0,2010
"JP068","fuliginosa",8.4,7.49,7.15,0,2010
"JP069","fuliginosa",8.08,7.41,6.84,0,2010
"JP070","fuliginosa",9.1,7.11,6.99,0,2010
"JP071","fuliginosa",8.63,7.17,6.61,0,2010
"JP090","fuliginosa",7.32,7.1,6.47,0,2010
"JP091","fuliginosa",7.92,7.27,6.71,0,2010
"JP092","fuliginosa",9.155,7.195,6.845,0,2010
"JP093","fuliginosa",8,6.95,6.71,0,2010
"JP094","fuliginosa",8.54,6.76,6.67,0,2010
"JP1003","fortis small",10.98,10.61,9.81,0,2004
"JP1004","fortis small",11.71,11.61,10.76,0,2004
"JP1005","fortis large",11.86,11.74,10.95,0,2004
"JP1006","scandens",13.66,9.51,8.9,0,2004
"JP101","fuliginosa",7.61,7.1,7.13,0,2010
"JP1010","fortis small",11.2625,10.5625,9.48,3,2004
"JP1011","fortis small",10.86,10.51,8.23,0,2004
"JP1017","fortis small",11.26,11.5,9.52,0,2004
"JP1018","fortis large",12.63,12.99,11.66,0,2004
"JP1019","fortis small",11.03,10.46,9.66,0,2004
"JP102","fuliginosa",9.13,7.41,6.8,0,2010
"JP1020","fortis small",11.0125,10.78,9.1875,3,2004
"JP1021","fortis small",11.335,11.37,9.76,1,2004
"JP1022","fortis small",11.7325,11.26,9.595,5,2004
"JP1023","fortis small",10.7,10.7,9.23,0,2004
"JP1024","fortis small",10.36,10.37,9.32,0,2004
"JP1025","fortis small",10.4,9.47,8.41,0,2004
"JP1026","fortis small",10.92,10.31,8.76,0,2004
"JP1027","fortis large",12.635,12.57,10.435,2,2004
"JP1029","fortis large",13.45,13.76,11.3,0,2004
"JP103","fuliginosa",8.98,7.67,7.31,0,2010
"JP1030","fortis small",11.71,10.95,8.85,0,2004
"JP1031","fortis large",12.82,13.71,12.16,0,2004
"JP1032","fortis small",11.41,9.92,8.35,0,2004
"JP1033","fortis small",11.36,11.09,9.2,0,2004
"JP1035","fortis small",11.925,11.77,9.85,1,2004
"JP1036","fortis large",11.58,11.94,10.68,0,2004
"JP1037","fortis large",13.995,12.365,9.905,1,2004
"JP1038","fortis large",13.48,12.88,11.25,0,2004
"JP1039","fortis large",12.85,12.16,9.82,0,2004
"JP104","fuliginosa",8.71,7.79,7.78,0,2010
"JP1040","fortis small",10.6475,10.335,9.195,3,2004
"JP1041","fortis small",11.12,10.1,9.08,0,2004
"JP1042","fortis small",11.64,10.86,8.92,0,2004
"JP1043","fortis small",12.06,11.13,9.85,0,2004
"JP1044","fortis large",13.75,13.26,11.83,0,2004
"JP1045","fortis small",10.35,10.275,9.195,1,2004
"JP1046","magnirostris",14.6025,15.155,13.785,6,2004
"JP1047","fortis large",13.345,14.19,11.785,1,2004
"JP1048","fortis large",12.67,11.76,10.62,0,2004
"JP1049","fortis small",11.324,10.59,9.284,6,2004
"JP105","fuliginosa",8.9,7.57,7.38,0,2010
"JP1050","fortis small",11.24,11.21,9.35,1,2004
"JP1051","fortis small",11.87,10.61,8.75,1,2004
"JP1052","fortis small",11.205,9.45,8.74,1,2004
"JP1053","fortis large",11.81,12.66,10.85,0,2004
"JP106","fuliginosa",9.33,7.73,7.17,0,2010
"JP1069","fortis small",11.115,10.895,9.73,1,2004
"JP107","fuliginosa",8.76,7.58,7.31,0,2010
"JP1070","fortis small",12.88,11.82,9.35,0,2004
"JP1071","fortis small",11.135,10.295,8.59,2,2004
"JP1072","fortis large",12.9025,13.3325,11.2925,3,2004
"JP1073","fortis small",11.82,10.77,8.9,0,2004
"JP1075","fortis small",12.63,11.1,9.58,0,2004
"JP1076","fortis large",12.5425,13.6175,11.1475,5,2004
"JP1077","fortis small",11.55,11.2,9.17,0,2004
"JP1078","fortis small",12.1,11.34,9.94,0,2004
"JP1079","fortis small",10.85,10.4975,9,2,2004
"JP108","fuliginosa",9.16,7.29,6.96,0,2010
"JP1080","fortis large",13.25,13.7,11.92,1,2004
"JP1081","fortis small",12.2,11.52,9.8,0,2004
"JP1082","fortis large",13.53,13.77,11.4,0,2004
"JP1083","fortis large",13.47,13.16,11.77,0,2004
"JP1084","fortis large",13.185,14.16,12.31,2,2004
"JP1085","fortis small",11.03,10.27,9.07666666666667,3,2004
"JP1086","fortis small",11.55,10.57,9.44,0,2004
"JP1087","fortis small",10.48,8.56,8,0,2004
"JP1088","fortis small",11.57,11.94,10.12,0,2004
"JP1089","fortis large",13.24,12.28,11.08,0,2004
"JP109","fuliginosa",8.64,6.99,6.5,0,2010
"JP1090","fortis large",13.89,13.72,11.57,0,2004
"JP1091","fortis small",12.03,10.06,8.87,0,2004
"JP1092","fortis small",11.74,10.39,8.84,0,2004
"JP1093","fortis small",13,10.3,9.3,0,2004
"JP1094","fortis small",11.6975,10.9025,10.1425,4,2004
"JP1095","fortis small",11.1066666666667,10.4266666666667,9.23,8,2004
"JP1096","fortis small",12.55,11.37,10.16,0,2004
"JP1097","fortis small",11.11,10.44,8.72,0,2004
"JP1098","fortis small",11.235,10.09,8.865,4,2004
"JP1099","fortis large",13.995,15.055,12.89,1,2004
"JP110","fuliginosa",7.89,7.18,7.09,0,2010
"JP111","fuliginosa",9.96,7.74,7.13,0,2010
"JP112","fuliginosa",8.36,7.2,6.97,0,2010
"JP113","fuliginosa",8.1,7.13,6.34,0,2010
"JP114","fuliginosa",8.73,7.83,7.39,0,2010
"JP115","fuliginosa",8.82,7.38,6.73,0,2010
"JP116","fuliginosa",8.7,7.27,6.79,0,2010
"JP1199","fortis small",11.26,9.13,8.69,0,2004
"JP1200","fortis small",10.5214285714286,10.4257142857143,8.87285714285714,6,2004
"JP1201","fortis small",11.6,11.31,10.03,0,2004
"JP121","fuliginosa",9.04,7.66,7.16,0,2010
"JP122","fuliginosa",8.15,7.66,7.11,0,2010
"JP124","fuliginosa",7.97,6.94,6.6,0,2010
"JP126","fuliginosa",8.6,6.74,6.52,1,2010
"JP127","fuliginosa",7.88,6.63,6.83,0,2010
"JP128","fuliginosa",8.48,7.34,6.53,0,2010
"JP129","fuliginosa",8.59,7.06,6.72,0,2010
"JP130","fuliginosa",8.7,7.16,6.8,0,2010
"JP132","fuliginosa",8.09,7.12,6.76,0,2010
"JP133","fuliginosa",8.9,7.49,7.02,0,2010
"JP134","fuliginosa",7.68,7.14,6.78,0,2010
"JP135","fuliginosa",9.18,7.82,6.75,0,2010
"JP1362","fortis large",13.21,12.69,11.06,0,2004
"JP1363","fortis large",14.39,13.66,11.51,0,2004
"JP1364","fortis large",11.86,12.18,10.1,0,2004
"JP1365","fortis large",13.29,12.45,10.97,0,2004
"JP1366","fortis large",14.24,13.24,11.13,0,2004
"JP1367","fortis large",13.77,13.76,11.83,0,2004
"JP1368","fortis small",11.58,9.76,9,0,2004
"JP1370","fortis large",13.15,11.23,10.04,0,2004
"JP1371","fortis small",10.33,9.59,8.75,0,2004
"JP1379","fortis small",11.9066666666667,11.6733333333333,9.94,2,2004
"JP1380","fortis small",11.36,9.85,9.08,0,2004
"JP1381","fortis small",11.64,10.23,9.05,0,2004
"JP1382","fortis small",11.81,10.61,9.71,0,2004
"JP1383","fortis small",11.39,9.29,8.55,0,2004
"JP1384/P554","fortis large",13.0233333333333,12.48,11.18,2,2003
"JP1385","fortis large",13.3,13.15,11.22,0,2004
"JP1386","fortis small",11.3025,10.652,9.536,7,2004
"JP1387","fortis small",12.14,10.45,9.36,0,2004
"JP1388","fortis small",11,8.98,8.79,0,2004
"JP1389","fortis small",11.26,11.24,10.62,0,2004
"JP1390","fortis large",13.08,12.73,11.35,0,2004
"JP1392","fortis small",12.2466666666667,11.4166666666667,9.62666666666667,1,2005
"JP1393","fortis small",11.17,10.27,9.28,0,2005
"JP1394/P703","fortis small",11.8266666666667,10.7166666666667,9.80666666666667,2,2003
"JP1395/P789","fortis small",11.1633333333333,10.5988888888889,9.18473818077778,8,2004
"JP1396","fortis small",10.6966666666667,11.1733333333333,9.66,5,2005
"JP1397","fortis large",13.7,13.29,10.97,0,2005
"JP1398","fortis large",12.755,13.235,10.64,1,2005
"JP1399","fortis small",11.04,10.21,9.135,1,2005
"JP1400","fortis small",11.23,10.22,9.45,0,2005
"JP1402","fortis small",11.505,10.61,9.305,1,2005
"JP1403","magnirostris",14,15.95,13.02,0,2005
"JP1404","magnirostris",14.65,15.43,13.81,0,2005
"JP1405","fortis small",11.59,11.96,9.64,0,2005
"JP1406","fortis large",12.86,13.47,11.05,0,2005
"JP1407","magnirostris",15.77,17.33,14.71,0,2005
"JP1408","fortis small",11.17,10.6,9.37,0,2005
"JP1409","fortis small",11.955,11.645,10.075,3,2005
"JP1410","fortis small",11.7833333333333,9.94333333333333,9.24,5,2005
"JP1411","fortis small",10.27,10.48,8.62,0,2005
"JP1412","fortis small",12.19,10.64,9.45,0,2005
"JP1413","fortis small",12.11,10.59,9.425,2,2005
"JP1414","fortis small",11.09,10.31,8.62,0,2005
"JP1416","fortis small",12.11,11.49,9.67,0,2005
"JP1417","fortis large",13.69,13.57,11.88,0,2005
"JP1418/P722","fortis small",12.06,12.3225,10.4575,3,2003
"JP1419","fortis small",11.54,10.72,9.39,0,2005
"JP1420","fortis large",12.4,12.19,10.1,0,2005
"JP1421","fortis small",12.14,10.22,9.13,0,2005
"JP1422","fortis large",12.73,12.47,10.51,0,2005
"JP1423","fortis small",11.61,10.24,8.49,0,2005
"JP1424","fortis small",11.52,10.79,9.41,0,2005
"JP1425","fortis small",10.8466666666667,11.1333333333333,9.22666666666667,3,2005
"JP1426","fortis small",10.64,10.31,8.94,0,2005
"JP1427","fortis large",12.56,13.03,11.05,0,2005
"JP1428","fortis small",11.68,11.54,9.39,0,2005
"JP1429","magnirostris",14.74,16.32,14.54,0,2005
"JP1430","fortis small",11.52,10.47,8.71,0,2005
"JP1431","fortis small",10.27,10.6283333333333,9.14,4,2005
"JP1432","fortis small",11.11,9.94,9.06,0,2005
"JP1433","fortis small",11.71,11.39,10.1,0,2005
"JP1434","fortis small",11.3933333333333,10.7383333333333,10.1483333333333,4,2005
"JP1435","fortis small",11.13,9.37,8.46,3,2005
"JP1436","fortis small",11.78,10.75,9.17,0,2005
"JP1437","fortis small",10.81,10.97,8.74,0,2005
"JP1438","fortis small",11.67,10.1666666666667,8.5,4,2005
"JP1439","fortis small",10.34,10.55,8.78,0,2005
"JP1440","fortis small",12.18,10.66,9.21,0,2005
"JP1442","fortis small",11.6366666666667,11.0333333333333,9.68333333333333,3,2005
"JP1443","fortis large",12.98,12.41,10.6,0,2005
"JP1444","fortis large",12.61,12.02,9.8,0,2005
"JP1445","fortis small",10.4,9.47,8.58,0,2005
"JP1446","fortis small",11.21,10.9,9.55,0,2005
"JP1447","fortis small",10.84,10.7175,9.13,3,2005
"JP1448","fortis large",12.68,11.94,9.54,0,2005
"JP1449","fortis small",10.69,9.37,8.17,0,2005
"JP1450","fortis small",11.64,11.13,9.66,0,2005
"JP1451","fortis small",10.23,11.02,10.11,0,2005
"JP1452","fortis large",12.09,12.63,11.6,0,2005
"JP1453","fortis small",10.78,10.15,9.26,0,2005
"JP1454","fortis small",12,11.5,10.01,0,2005
"JP1455","fortis large",11.755,12.86,10.8,1,2005
"JP1456","fortis small",10.96,10.61,8.9,0,2005
"JP1457","fortis large",12.81,13.76,11.54,0,2005
"JP1458","fortis large",13.0633333333333,13.5633333333333,11.9366666666667,3,2005
"JP1459","fortis large",13.21,12.67,10.62,0,2005
"JP1460","fortis small",11.1,10.25,8.51,0,2005
"JP1461","fortis large",12.39,11.92,10.03,0,2005
"JP1462","fortis small",10.865,10.425,9.055,1,2005
"JP1463","fortis small",11.17,11.21,9.95,0,2005
"JP1464","fortis small",12.17,10.62,9.07,0,2005
"JP1465","fortis small",11.1975,10.305,8.63,5,2005
"JP1466","fortis small",12.04,10.69,9.82,0,2005
"JP1467","fortis large",12.07,12.02,10.64,0,2005
"JP1468","magnirostris",16.17,18.67,14.56,0,2005
"JP1469","fortis small",11.51,10.52,9.03,0,2005
"JP1470","fortis large",13.13,13.43,11.53,0,2005
"JP1471","magnirostris",14.78,17.33,13.73,0,2005
"JP1472","fortis small",11.43,9.84,9.02,0,2005
"JP1473","fortis small",11.41,10.65,9.05,0,2005
"JP1474","fortis small",11.68,10.66,9.23,0,2005
"JP1475","fortis small",10.47,9.98,8.57,0,2005
"JP1476","fortis large",12.13,11.96,10.1,0,2005
"JP1477","fortis small",10.87,10.14,8.8,0,2005
"JP1478","fortis small",11.97,11.12,10.13,3,2005
"JP1479","fortis large",13.05,14.4,12.57,0,2005
"JP1480","fortis small",11.43,9.72,8.99,0,2005
"JP1481","fortis small",12.24,11.39,9.8,0,2005
"JP1482","fortis small",11.74,10.61,9,0,2005
"JP1483","fortis small",10.66,9.98,9.18,0,2005
"JP1484","fortis large",14.62,14.55,12.61,0,2005
"JP1485","fortis small",11.51,10.63,9.05,0,2005
"JP1495","fortis small",11.67,10.39,9.21,0,2005
"JP1496","fortis large",12.76,12.88,10.93,0,2005
"JP1497","fortis small",10.31,10.58,9.28,0,2005
"JP1498","fortis small",10.85,11.85,10.12,0,2005
"JP1501","fortis small",11.08,10.82,9.54,0,2005
"JP1502","fortis small",10.73,9.82,9.46,0,2005
"JP1503","fortis small",11.06,11.06,9.67,0,2005
"JP1504/P568","fortis large",12.0025,11.4975,10.2175,6,2003
"JP1510","fortis small",10.15,9.84,8.78,0,2005
"JP1529","fortis small",11.185,10.92,9.355,1,2005
"JP1530","fortis small",10.61,11.24,9.2,0,2005
"JP1531","fortis small",11.9,10.69,8.72,0,2005
"JP1534","magnirostris",15.85,16.69,14.02,0,2005
"JP1535","fortis small",11.05,9.33,9.03,0,2005
"JP170","fuliginosa",9.38,7.2,6.7,0,2010
"JP171","fuliginosa",8.26,6.67,6.56,0,2010
"JP1714","fortis small",10.97,10.255,9.06,4,2005
"JP1715","fortis small",11.5,9.94,9.32,0,2005
"JP1716","magnirostris",13.93,15.64,12.6,0,2005
"JP1717/P694","fortis large",13.1125,13.415,11.085,3,2003
"JP1718","fortis large",12.95,13.41,11.63,0,2005
"JP1719","fortis large",12.61,12.49,10.74,0,2005
"JP172","fuliginosa",8.07,6.78,6.71,0,2010
"JP1720","fortis small",11.6,10.09,8.79,0,2005
"JP1721","fortis small",11.25,10.7,9.76,0,2005
"JP1722","fortis large",12.04,12.56,10.71,0,2005
"JP1723","fortis large",12.85,13.23,11.72,0,2005
"JP1724","fortis large",14.4,15.04,12.78,0,2005
"JP1725","fortis small",10.3,10.12,8.96,0,2005
"JP1726","fortis small",11.5477777777778,11.3855555555556,9.71111111111111,6,2005
"JP1727","fortis small",11.28,10.36,9.64,0,2005
"JP1728","fortis small",10.02,9.35,8.22,0,2005
"JP1729","fortis small",11.8871428571429,11.28,9.92428571428571,6,2005
"JP173","fuliginosa",8.75,7.15,6.74,0,2010
"JP1730","fortis small",10.6,10.14,8.86,0,2005
"JP1731","fortis large",12.75,13.4366666666667,11.21,2,2005
"JP1732/P797","fortis large",13.77,13.57,12.2,1,2004
"JP1733","fortis small",11.14,10.72,9.52,0,2005
"JP1736","fortis small",11.9,10.3,9.22,0,2005
"JP1737","fortis large",12.09,11.6,10.66,0,2005
"JP1738","fortis small",11.71,10.69,9.2,0,2005
"JP1739","fortis small",12.5325,11.7775,9.6475,2,2005
"JP174","fuliginosa",8.64,7.27,6.99,0,2010
"JP1740","fortis large",13.7766666666667,13.13,11.32,3,2005
"JP1741","fortis small",10.98,9.86,8.31,1,2005
"JP1742","fortis small",12.24,11.34,9.31,0,2005
"JP1743","fortis small",10.98,10.18,8.73,0,2005
"JP1744","fortis small",11.16,9.8,8.36,0,2005
"JP1745","fortis small",11.645,10.24,8.405,1,2005
"JP1746","fortis large",12.7,12.02,10.55,0,2005
"JP1747","fortis small",11.29,9.845,8.955,1,2005
"JP1748","fortis small",11.53,11.76,10.03,0,2005
"JP1749","fortis large",12.8,11.74,10.515,4,2005
"JP175","fuliginosa",9.1,7.21,6.81,0,2010
"JP1750","fortis large",13.17,13.3,11.695,1,2005
"JP1752","fortis small",11.14,10.25,8.98,0,2005
"JP1753","fortis small",10.88,12.19,10.21,0,2005
"JP1754","fortis large",13.66,13.62,11.76,0,2005
"JP1755","fortis small",11.87,11.79,9.69,0,2005
"JP1756","fortis large",13.16,12.46,10.57,0,2005
"JP1757","fortis small",11.04,10.88,9.25,0,2005
"JP176","fuliginosa",8.51,7.86,7.49,0,2010
"JP1762","fortis small",11.83,10.57,9.54,0,2005
"JP1763","fortis large",13.88,14.29,11.68,0,2005
"JP1764","fortis small",11.46,11.06,9.26,0,2005
"JP1765","fortis small",10.67,9.48,8.16,0,2005
"JP1766","fortis small",11.32,10.39,8.72,0,2005
"JP1767","fortis small",12.31,10.2,8.56,0,2005
"JP1768","fortis large",13.08,13.4,11.31,0,2005
"JP177","fuliginosa",8.42,7.3,6.72,0,2010
"JP1774","fortis large",12.95,12.62,11.17,0,2005
"JP1775","fortis small",12.07,11.22,9.69,0,2005
"JP1777","fortis large",13.13,14.2,11.69,0,2005
"JP1778","fortis small",11.58,10.31,9.14,0,2005
"JP1779","fortis large",12.81,13.94,12.07,0,2005
"JP178","fuliginosa",7.95,7.02,6.86,1,2010
"JP1780","fortis small",11.14,11.13,9.87,0,2005
"JP1783","fortis large",12.9,11.61,9.73,0,2005
"JP1784","fortis small",10.79,10.355,9.16,3,2005
"JP1785","fortis large",13.65,14.97,12.79,0,2005
"JP1786","fortis small",12,10.53,9.08,0,2005
"JP179","fuliginosa",8.845,7.3975,7.1825,1,2010
"JP180","fuliginosa",8.43,7.17,7.2,0,2010
"JP181","fuliginosa",9.1,7.67,7.04,0,2010
"JP190","fuliginosa",8.65,6.93,6.75,0,2010
"JP191","fuliginosa",8.21,7.3,6.94,0,2010
"JP192","fuliginosa",9.04,7.41,6.87,0,2010
"JP193","fuliginosa",8.52,7.05,7.13,0,2010
"JP194","fuliginosa",8.4,6.96,7.04,0,2010
"JP195","fuliginosa",8.7,7.21,7.02,0,2010
"JP196","fuliginosa",8.18,7.37,6.9,0,2010
"JP197","fuliginosa",8.01666666666667,7.04,6.70333333333333,1,2010
"JP198","fuliginosa",8.42,7.15,6.82,0,2010
"JP199","fuliginosa",8.15,7.26,7.07,0,2010
"JP200","fuliginosa",9.62,7.52,7.55,0,2010
"JP201","fuliginosa",8.03,7.02,6.71,0,2010
"JP207","fuliginosa",8.31,6.8,6.86,0,2010
"JP208","fuliginosa",8.22,7.26,6.8,0,2010
"JP209","fuliginosa",8.67666666666667,6.96333333333333,6.64333333333333,1,2010
"JP210","fuliginosa",9.26,7.51,7.19,0,2010
"JP211","fuliginosa",8.92,7.35,7.12,0,2010
"JP212","fuliginosa",8.2,7.22,6.55,0,2010
"JP213","fuliginosa",8.75,7.48,7.37,0,2010
"JP221","fuliginosa",8.65,6.79,6.72,0,2011
"JP222","fortis small",10.23,8.95,8.58,0,2011
"JP223","fuliginosa",8.47,7.13,6.86,0,2011
"JP224","fuliginosa",9.39,7.33,7.3,1,2011
"JP225","fuliginosa",7.96,6.73,6.52,3,2011
"JP226","fuliginosa",8.8,7.15,7.13,0,2011
"JP227","fuliginosa",8.45,7.34,6.94,0,2011
"JP229","fortis small",10.1,8.81,8.42,0,2011
"JP2303","fortis large",11.78,12.03,10.7,0,2006
"JP2307","fortis small",10.1,10.49,9.11,0,2006
"JP2309","fortis small",11.97,11.47,9.67,0,2006
"JP231","fuliginosa",9.06,6.91,6.98,0,2011
"JP2311","fortis large",12.59,13.07,10.3,0,2006
"JP2312","fortis small",11.86,10.89,9.48,0,2006
"JP2316","fortis large",13.78,14.16,12.59,0,2006
"JP2317","fortis small",11.23,11.19,9.6,0,2006
"JP2319","fortis small",10.78,10.31,8.86,0,2006
"JP2320","fortis small",10.135,11.075,8.915,3,2006
"JP2323","fortis large",13.02,13.07,11.04,0,2006
"JP2324","fortis large",11.57,12.47,10.34,0,2006
"JP2330","fortis large",11.74,13,10.5,0,2006
"JP2333","fortis large",11.95,12.46,10.07,0,2006
"JP2335","fortis small",11.75,11.85,10.58,0,2006
"JP2336","fortis small",10.99,11.18,9.44,0,2006
"JP2337","fortis small",12.4,11.69,9.9,0,2006
"JP2339","fortis small",10.81,11.1,9.86,0,2006
"JP2340","fortis small",10.96,10.876,9.531686177,6,2006
"JP2341","magnirostris",14,16.92,13.7,0,2006
"JP2348","fortis small",11.29,11.8,9.46,0,2006
"JP2349","fortis small",11.51,10.49,9.43,0,2006
"JP2350","fortis small",12.27,11.21,9.7,0,2006
"JP2351","fortis small",11.24,11.1,9.27,0,2006
"JP2354","fortis large",13.63,14.755,11.965,1,2006
"JP2357","fortis small",10.93,11.56,10.22,1,2006
"JP2359","fortis small",11.82,11.92,10.3,0,2006
"JP2363","fortis small",10.2,10.865,9.57,4,2006
"JP2365","fortis large",13.01,13.77,11.48,0,2006
"JP2368","fortis small",10.26,10.64,9.07,0,2006
"JP2371","magnirostris",16.22,18.41,15.1,0,2006
"JP2372","fortis small",12.57,11.21,9.9,0,2006
"JP2375","fortis small",11.47,10.75,9.75,0,2006
"JP2378","fortis large",12.23,12.87,10.81,0,2006
"JP2381","fortis large",11.815,12.53,10.965,1,2006
"JP2383","fortis small",11.06,10.41,9.3125,4,2006
"JP2384","fortis large",11.87,12.53,10.28,0,2006
"JP2388","fortis small",10.53,10.83,9.14,0,2006
"JP2389","fortis large",12.05,12.9,10.78,0,2006
"JP2391","fortis small",11.25,10.77,9.51,0,2006
"JP2397","fortis small",11.5133333333333,11.08,9.41666666666667,3,2006
"JP2399","fortis large",12.95,13.56,11.29,0,2006
"JP2402","fortis small",11.65,11.76,10.64,0,2006
"JP2403","scandens",13.645,8.025,7.82,4,2006
"JP2407","fortis large",13.4966666666667,13.55,11.5633333333333,2,2006
"JP2408","fortis small",11.62,11.77,10.57,0,2006
"JP2409","fortis large",13.165,13.255,11.27,2,2006
"JP2410","fortis small",11.36,10.69,9.11,0,2006
"JP2415","scandens",14.0566666666667,9.40666666666667,8.12,4,2006
"JP2416","fortis small",11.19,10.8766666666667,9.37,3,2006
"JP2417","fortis small",10.58,10.685,9,3,2006
"JP2418","fortis large",12.64,12.13,10.75,0,2006
"JP2420","fortis small",11.58,9.845,8.92,4,2006
"JP2421","fortis small",11.31,10.73,9.46,0,2006
"JP2422","fortis large",12.38,12.195,10.37,2,2006
"JP2423","magnirostris",14.71,16.13,14.15,0,2006
"JP2424","fortis small",11.48,11.5,10.8,0,2006
"JP2425","fortis large",11.42,12.1,10.75,0,2006
"JP2427","magnirostris",14.12,15.9,13.25,0,2006
"JP2428","fortis small",10.53,10.66,9.08,0,2006
"JP2430","fortis small",11.11,11.1,9.37,0,2006
"JP2432","fortis large",12.75,13.44,11.25,0,2006
"JP2438","fortis large",12.94,14.16,12.15,0,2006
"JP2439","fortis small",11.5,11.32,9.19,0,2006
"JP2441","fortis small",11.2433333333333,11.3333333333333,9.31666666666667,3,2006
"JP2442","fortis small",11.89,11.3,9.45,0,2006
"JP2457","fortis small",12.05,11.59,9.86,0,2006
"JP2460","fortis small",12.13,11,9.32,0,2006
"JP2461","fortis small",11.99,11.41,10.06,0,2006
"JP2462","fortis small",12.06,9.47,8.17,0,2006
"JP2479","scandens",13.72,8.22,7.67,0,2006
"JP2482","fortis small",10.93,10.46,9.05,0,2006
"JP2483","fortis small",9.89,9.22,8.17,0,2006
"JP2484","fortis small",10.35,10.07,8.76,0,2006
"JP2486","fortis small",12.09,10.76,9.835,7,2006
"JP2487","scandens",14.8,8.28,8,0,2006
"JP2488","scandens",14,8.83,7.91,0,2006
"JP2489","scandens",13.33,9.64,8.92,2,2006
"JP2490","scandens",14.11,8.83,8.4,0,2006
"JP2491","fortis small",10.58,10.61,9.42,0,2006
"JP2492","fortis large",12.99,14.27,11.82,0,2006
"JP2493","fortis small",11.92,10.56,9.29,0,2006
"JP2496","fortis large",12.56,13.21,11.59,0,2006
"JP2497","fortis small",12.34,10.27,9.1,0,2006
"JP2499","fortis large",12.31,12.76,10.68,0,2006
"JP2501","fortis large",12.48,12.29,10.87,0,2006
"JP2502","fortis large",12.28,12.5,10.85,0,2006
"JP2514","scandens",14.04,9.05,7.81,0,2006
"JP2515","magnirostris",15.06,16.45,13.205,4,2006
"JP2516","fortis small",11.9,11.285,9.565,2,2006
"JP2517","magnirostris",13.99,15.23,13.14,0,2006
"JP2518","fortis large",12.05,12,10.55,0,2006
"JP2520","fortis small",10.64,10.8,9.5,0,2006
"JP2522","fortis large",11.66,12.62,10.4,0,2006
"JP2523","fortis small",10.69,10.02,8.46,0,2006
"JP2524","fortis large",12.15,12.62,10.57,0,2006
"JP2525","magnirostris",13.16,16.36,13.75,0,2006
"JP2527","fortis small",10.93,10.49,8.54,0,2006
"JP2528","fortis large",13.46,14.93,12.18,0,2006
"JP253","fortis small",10.19,8.7,8.56,0,2011
"JP2530","fortis large",11.89,11.62,10.77,0,2006
"JP2531","fortis large",13.12,13.27,11.81,0,2006
"JP2532","fortis large",12.92,13.2,11.25,0,2006
"JP2533","fortis small",11.19,11.3,9.86,0,2006
"JP2534","fortis large",13.12,12.52,11.07,0,2006
"JP254","fuliginosa",8.79,7.31,7.08,0,2011
"JP2553","fortis small",11.95,11.27,10.38,0,2006
"JP2554","fortis small",11.06,10.27,8.79,0,2006
"JP2555","fortis large",11.78,12.35,10.68,0,2006
"JP256","fuliginosa",8.73,7.1,7.29,6,2011
"JP2581","fortis small",11.73,12.08,9.85,0,2007
"JP2597","fortis large",12.415,11.935,10.215,1,2006
"JP265","fuliginosa",8.99,6.98,6.88,0,2011
"JP267","fuliginosa",8.635,6.785,7.05,2,2011
"JP269","fuliginosa",7.93,7.04,6.85,0,2011
"JP271","fuliginosa",8.4,7.05,6.95,0,2011
"JP272","fuliginosa",8.68,6.905,6.884485954,1,2011
"JP273","fuliginosa",8.51,7.08,7.15,0,2011
"JP276","fuliginosa",8.73,6.97,6.98,0,2011
"JP277","fuliginosa",8.25,7.23,6.8,0,2011
"JP278","fuliginosa",8.12,7.18,7.04,0,2011
"JP280","fuliginosa",8.33,6.74,6.805,2,2011
"JP284","fuliginosa",8.25,7.13,6.81,0,2011
"JP286","fuliginosa",8.96,6.85,6.58,0,2011
"JP289","fuliginosa",8.4,7.07,6.78,0,2011
"JP290","fuliginosa",9.55,7.44,7.47,0,2011
"JP292","fuliginosa",9.2,7.02,6.8,0,2011
"JP293","fuliginosa",8.48,6.62,6.52,0,2011
"JP294","fuliginosa",8.62,7.36,7.25,0,2011
"JP295","fuliginosa",8.87,6.8,6.98,0,2011
"JP297","fuliginosa",8.36,6.79,6.81,0,2011
"JP298","fuliginosa",8.4,6.83,6.55,0,2011
"JP299","fuliginosa",8.23,7.44,7.23,0,2011
"JP300","fuliginosa",8.01,6.61,6.81,0,2011
"JP301","fuliginosa",8.21,6.83,6.54,0,2011
"JP302","fuliginosa",9,6.69,7.06,0,2011
"JP3022","fortis small",11.524,11.142,9.51,3,2007
"JP3023","fortis small",10.79,9.78,8.69,0,2007
"JP3024","fortis large",14,14.22,11.85,0,2007
"JP3025","fortis small",10.85,10.34,9.25,0,2007
"JP3026","fortis small",11.33,10.775,9.415,0,2007
"JP3027","magnirostris",15.37,16.105,13.06,0,2007
"JP3028","fortis large",11.92,11.955,10.13,1,2007
"JP3029","fortis small",11.41,11.17,9.365,1,2007
"JP303","fuliginosa",7.96,7,6.78,0,2011
"JP3031","fortis small",12.23,11.12,9.4,0,2007
"JP3032","scandens",14,8.75,8.32,0,2007
"JP3033","fortis large",13.3933333333333,13.4833333333333,11.33,3,2007
"JP3035","magnirostris",14.61,15.7,13.5,0,2007
"JP3036","fortis small",11.43,10.99,9.28,0,2007
"JP3037","fortis small",10.89,10.4,9.49,0,2007
"JP3038","magnirostris",14.38,15.48,13.04,0,2007
"JP3039","fortis small",11.43,10.48,9.1,0,2007
"JP3040","fortis small",11.45,10.42,9.11,0,2007
"JP3041","fortis small",10.91,10.76,9.63,0,2007
"JP3042","fortis small",10.79,12.1266666666667,10.2866666666667,2,2007
"JP3043","fortis small",10.66,10.48,8.68,0,2007
"JP3044","fortis large",12.95,12.615,11.025,1,2007
"JP3045","fortis small",11.8775,11.6766666666667,9.65666666666667,2,2007
"JP3046","fortis large",13.26,14.06,11.82,0,2007
"JP3048","fortis large",13.6475,14.455,12.065,4,2007
"JP3049","fortis small",10.46,10.2,8.85,0,2007
"JP305","fuliginosa",8.5225,7.175,6.9476619835,3,2011
"JP3050","fortis large",12.32,11.81,10.29,0,2007
"JP3051","fortis large",14.51,15.46,11.78,0,2007
"JP3052","fortis large",12.83,13.08,11.195,6,2007
"JP3053","fortis small",12.5,10,7.5,0,2007
"JP3054","fortis small",12.13,11.56,10.23,0,2007
"JP3055","magnirostris",14.92,16.74,13.88,0,2007
"JP3056","fortis large",13.31,14.86,12.46,0,2007
"JP3057","fortis small",10.7,11.045,9.335,1,2007
"JP311","fuliginosa",8.39,7.06,6.76,0,2011
"JP3111","fortis large",12.66,13.515,11.5,0,2010
"JP3113","scandens",14.48,8.49,8.33,0,2010
"JP3114","fortis small",9.24,10.82,10.41,0,2010
"JP3115","fortis small",11.22,10.24,9.88,0,2010
"JP3116","fortis small",11.5,11.35,9.74,0,2010
"JP3117","fortis small",11.38,10.48,9.45,0,2010
"JP3118","fortis small",11.61,10.025,9.015,1,2010
"JP3119","magnirostris",13.58,16.24,13.75,0,2010
"JP312","fuliginosa",8.31,6.78,6.66,0,2011
"JP3120","fortis small",9.67,9.375,9.145,1,2010
"JP3121","fortis small",10.85,9.57,8.54,0,2010
"JP3124","fortis large",13.08,13.21,11.93,0,2010
"JP3125","fortis small",10.74,10.78,9.55,0,2010
"JP3126","fortis large",12.6,13.19,11.06,0,2010
"JP3127","fortis large",14.14,12.91,11.54,0,2010
"JP3128","fortis large",12.91,12.34,11.62,0,2010
"JP3129","fortis small",10.19,10.55,9.01,0,2010
"JP3130","scandens",13.89,8.73,7.77,0,2010
"JP3155","fortis large",13.8,14.87,12.18,0,2007
"JP3156","fortis small",11.99,11.23,9.21,0,2007
"JP3157","fortis small",11.58,11.14,9.26,0,2007
"JP3158","fortis small",11.92,10.71,9.12,0,2007
"JP3159","fortis small",10.99,11,9.53,0,2007
"JP3160","magnirostris",14.9533333333333,16.8533333333333,14.03,4,2007
"JP3161","fortis small",11.15,11.77,9.8,0,2007
"JP3162","fortis small",10.598,9.366,8.788,3,2010
"JP3163","fortis small",11.22,10.31,8.9,0,2010
"JP3164","fortis large",13.7325,13.035,11.1975,3,2010
"JP3165","scandens",14.8166666666667,8.50666666666667,8.10666666666667,3,2010
"JP3166","fortis large",12.71,12.36,9.75,0,2010
"JP3170","fortis small",10.775,10.4,9.425,1,2010
"JP3171","fortis large",13.2033333333333,13.86,11.63,2,2010
"JP3173","fortis large",12.4,13.07,10.66,0,2010
"JP3174","fortis large",12.56,12.62,10.85,0,2010
"JP3180","fortis large",12.49,13.44,10.76,0,2010
"JP331","fuliginosa",8.24,6.63,6.91,0,2011
"JP3310","scandens",12,7.68,7.35,0,2010
"JP3312","scandens",16.08,9.23,8.6718196525,2,2010
"JP3316","fortis small",11.26,9.86,8.91,0,2010
"JP3317","fortis large",13.03,12.9,11.01,10,2010
"JP3318","fortis large",13.51,13.83,11.6,0,2010
"JP332","fuliginosa",8.49,7.15,6.73,0,2011
"JP3329","fortis small",11.27,11.56,9.695,0,2010
"JP3331","scandens",15.63,9.67,8.63,0,2010
"JP3332","fortis small",10.73,9.775,8.87,0,2010
"JP3333","fortis small",11.2,10.95,9.84,0,2010
"JP3334","fortis large",12.2366666666667,12.7566666666667,11.1366666666667,3,2010
"JP3335","fortis small",11.345,10.15,9.235,3,2010
"JP334","fuliginosa",8.75,6.91,6.98,0,2011
"JP3342","fortis large",12.79,12.98,11.15,0,2010
"JP3344","scandens",14.99,9.92,8.73,0,2010
"JP3345","fortis small",10.73,10.92,9.69,0,2010
"JP3346","fortis small",10.9,10.18,9.52,0,2010
"JP335","fuliginosa",8.71,7.87,7.46,0,2011
"JP3358","fortis small",11.38,11.19,9.68,0,2010
"JP3359","fortis small",11.8,11.19,9.3,0,2010
"JP336","fuliginosa",8.73,6.89,6.63,0,2011
"JP3360","fortis small",11.35,10.95,9.62,0,2010
"JP3374","fortis large",12.15,12.47,11.4,0,2010
"JP3376","fortis large",12.18,12.67,10.45,0,2010
"JP3377","fortis small",10.66,10.365,9.4127699785,2,2010
"JP3378","fortis large",12.61,12.94,11.94,0,2010
"JP3384","fortis small",11.28,10.78,9.2,0,2010
"JP3385","scandens",14.3933333333333,8.64333333333333,8.20333333333333,2,2010
"JP339","fuliginosa",8.41,6.73,7.1,0,2011
"JP3397","fortis small",11.76,11.54,9.97,0,2010
"JP3398","fortis large",13.05,12.53,10.52,0,2010
"JP3399","fortis large",12.43,13.06,11.01,0,2010
"JP340","fuliginosa",8.58,6.85,6.87,0,2011
"JP3400","fortis large",13.61,14.35,12.66,0,2010
"JP3401","fortis small",10.29,11.1,9.81,0,2010
"JP3402","fortis large",12.7566666666667,12.7866666666667,11.1033333333333,1,2010
"JP341","fuliginosa",8.23,7.05,6.96,0,2011
"JP342","fuliginosa",9.12,7.15,7.02,0,2011
"JP3422","scandens",15.4,9.99,9.73,0,2010
"JP3424","fortis small",11.44,11.25,9.3,0,2010
"JP3425","fortis small",11.46,11.21,9.78,0,2010
"JP3426","fortis large",12.45,12.16,10.36,0,2010
"JP343","fuliginosa",8.34,7.26,6.9,0,2011
"JP3433","fortis small",10,9.17,8.54,0,2010
"JP3435","fortis small",11.45,10.63,9.32,0,2010
"JP3436","fortis small",9.8,9.2,8.84,0,2010
"JP3441","fortis small",12.13,10.79,9.28,0,2010
"JP3443","fuliginosa",8.86,7.87,7.25,0,2010
"JP3444","scandens",15.08,8.36,7.99,1,2010
"JP345","fuliginosa",9.15,7.09,7.12,0,2011
"JP346","fuliginosa",8.96,7.22,6.85,0,2011
"JP347","fuliginosa",8.84,7.04,7.01,0,2011
"JP348","fuliginosa",7.18,6.65,6.46,0,2011
"JP349","fuliginosa",8.5,6.81,6.78,0,2011
"JP350","fuliginosa",7.52,6.65,6.78,0,2011
"JP3508","fuliginosa",8.765,6.87,6.705,3,2010
"JP3509","scandens",14.52,9.07,8.26,0,2010
"JP351","fuliginosa",8.6,6.65,6.78,0,2011
"JP3511","fortis small",11.43,10.27,8.91,0,2010
"JP3512","fortis small",10.5,9.66,8.86,0,2010
"JP3517","fortis small",12.19,11.19,10.14,0,2010
"JP3532","fortis large",14.28,13.49,11.93,0,2010
"JP3533","fortis small",10.44,10.185,9.415,1,2010
"JP3535","fortis large",12.57,11.61,10.16,0,2010
"JP3536","fortis small",10.69,9.03,8.13,0,2010
"JP3537","fortis large",12.43,12.4,10.93,0,2010
"JP3539","fortis small",12.375,11.555,10.23,1,2010
"JP3540","fortis large",13.5,13.48,12.15,0,2010
"JP355","fuliginosa",9.42,7.28,6.83333333333333,3,2011
"JP3556","magnirostris",16.08,16.3,14.09,0,2010
"JP3557","scandens",13.986,8.62,8.448,7,2010
"JP3558","fortis small",11.16,10.56,9.84,0,2010
"JP3559","fortis small",11.67,10.46,9.55,0,2010
"JP3560","fortis small",12.09,10.46,9.58,0,2010
"JP3562","fortis small",11.25,10.09,9.18,0,2011
"JP3564","fortis small",11.59,10.42,9.77,0,2011
"JP3565","scandens",14.31,8.81,8.44,0,2011
"JP3566","fortis small",10.94,9.3,8.75,0,2011
"JP3567","fortis small",10.87,9.67,8.92,0,2011
"JP3568","fortis small",11.6,10.06,9.58,0,2011
"JP3569","fortis small",11.29,11.18,9.81,0,2011
"JP3570","fortis small",10.715,9.315,9.315,2,2011
"JP3571","fortis small",10.61,10.02,8.99,0,2011
"JP3572","fortis small",10.95,10.1,8.85,0,2011
"JP3574","fortis large",14.69,14.47,12.74,0,2011
"JP3577","fortis small",11.44,10.38,9.71,0,2011
"JP3578","fortis small",10.82,9.54,9.21,0,2011
"JP3580","fortis small",10.24,9.25,8.54,0,2011
"JP3583","scandens",15.1,8.49,8.04,0,2011
"JP3608","fortis small",11.825,11.3,10.225,1,2011
"JP3609","fortis small",11.26,9.95,9.39,0,2011
"JP3610","scandens",14.92,8.815,8.165,1,2011
"JP3614","fortis small",11.55,10.04,9.41,0,2011
"JP3627","magnirostris",15.19,14.93,13.3,0,2011
"JP3630","fortis small",10.96,9.82,9.4,0,2011
"JP3631","fortis small",10.54,9.59,9.29,0,2011
"JP3633","fortis small",11.05,10.41,9.81,0,2011
"JP3635","fortis small",10.44,10.17,9.25,0,2011
"JP3638","fortis small",10.78,10.19,9.65,0,2011
"JP3640","fortis small",11.46,10.74,9.69,0,2011
"JP3641","fortis small",10.99,9.89,9.3,0,2011
"JP3642","fortis large",12.4,11.99,10.77,0,2011
"JP3643","scandens",13.84,8.49,8.46,0,2011
"JP3646","fortis small",11.35,10.35,9.91,0,2011
"JP3647","scandens",14.47,8.53,7.91,0,2011
"JP3648","fortis small",11.79,10.81,9.98,0,2011
"JP3649","fortis small",10.22,9.13,9.14,0,2011
"JP3650","fortis small",12.09,10.92,10.39,0,2011
"JP3652","fortis small",11.09,10.84,10.21,0,2011
"JP3653","scandens",14.73,8.32,8.02,0,2011
"JP3655","scandens",14.96,9.05,8.42,0,2011
"JP3657","fortis large",13.35,13.47,11.9,0,2011
"JP3658","fortis large",13.27,12.89,11.38,0,2011
"JP3659","fortis small",11.62,10.6,9.59,0,2011
"JP3664","scandens",13.63,8.63,8.39,0,2011
"JP3665","fortis large",12.86,14.45,13.43,0,2011
"JP3666","magnirostris",15.32,14.93,13.06,0,2011
"JP3669","fortis small",10.81,10.13,9.69,0,2011
"JP3671","fortis small",10.53,9.41,8.67,0,2011
"JP3672","fortis small",11.68,9.9,9.59,0,2011
"JP3675","fortis small",12.16,10.92,9.53,0,2011
"JP3676","fortis small",10.83,9.81,9.06,0,2011
"JP3677","fortis small",11.54,10.46,10.07,0,2011
"JP3678","fortis small",10.43,9.95,9.27,0,2011
"JP3679","fortis small",12.15,10.9,9.87,0,2011
"JP3680","fortis small",11.3,9.34,9,0,2011
"JP3682","fortis small",10.96,10.98,9.68,0,2011
"JP3683","fortis small",11.34,10.25,9.98,0,2011
"JP3684","magnirostris",15.46,15.84,13.45,0,2011
"JP3686","fortis small",10.32,10,9.49,0,2011
"JP3687","fortis large",13.51,13.69,11.62,0,2011
"JP3691","fortis small",11.86,11.87,9.21,0,2011
"JP3692","fortis small",10.5,9.65,8.74,0,2011
"JP3694","scandens",13.48,8.61,8.19,0,2011
"JP3696","fortis small",11.62,10.54,9.8225955735,1,2011
"JP3698","fortis small",11.81,11,10.41,0,2011
"JP3700","fortis small",11.03,9.99,9.36,0,2011
"JP3737","scandens",14.2,8.43,8.47,0,2011
"JP3738","fortis large",12.86,13.42,11.76,0,2011
"JP3739","fortis small",10.54,9.9,9.03,0,2011
"JP3740","magnirostris",15.46,14.59,14.12,0,2011
"JP3742","fortis small",10.85,11.76,10.44,0,2011
"JP3745","scandens",14.64,8.62,8.13,0,2011
"JP3746","magnirostris",14.7,14.91,13.68,0,2011
"JP3747","fortis small",11.97,11.39,9.72,0,2011
"JP3748","fortis large",13.505,13.87,12.21,1,2011
"JP3749","fortis small",10.72,9.065,8.595,2,2011
"JP3750","fortis small",11.08,10.01,9.49,0,2011
"JP3751","fortis large",12.84,12.49,10.98,0,2011
"JP3752","fortis large",12.43,11.59,10.87,0,2011
"JP3753","fortis small",11.06,10.06,9.38,0,2011
"JP3754","fortis large",12.48,12.93,11.68,0,2011
"JP3756","fortis small",11.02,10.17,9.2,0,2011
"JP3758","fortis small",10.81,10.26,9.47,0,2011
"JP3759","fortis small",11.89,11.09,10.44,0,2011
"JP3760","scandens",14.3133333333333,8.72666666666667,8.36666666666667,2,2011
"JP3761","fortis small",10.565,10.915,10.245,1,2011
"JP3774","fortis small",11.35,10.22,9.48,0,2011
"JP3776","fortis small",10.85,9.53,9.55,0,2011
"JP3777","fortis small",10.96,9.41,8.95,0,2011
"JP3779","fortis small",10.64,9.35,8.91,0,2011
"JP3785","fortis small",11.46,10.84,10.1778570923333,3,2011
"JP3790","fortis small",11.83,10.49,9.33,0,2011
"JP3791","scandens",13.4,8.68,8.64,0,2011
"JP3793","fortis small",11.54,10.34,9.56,0,2011
"JP3802","fortis large",13.12,12.48,10.73,0,2011
"JP3803","fortis small",11.55,9.87,9.39,0,2011
"JP3804","fortis small",11.91,10.36,9.79,0,2011
"JP3805","fortis small",11.14,9.65,9.34,0,2011
"JP3806","fortis small",11.5,10.87,9.73,0,2011
"JP3808","fortis small",11.1,10.25,9.52,0,2011
"JP3809","fortis small",11.02,9.46,9.07,0,2011
"JP3810","magnirostris",14.39,15.09,13.27,0,2011
"JP3831","fortis small",10.79,11.59,10.61,0,2011
"JP3832","scandens",15.19,8.14,8.26,0,2011
"JP3835","fortis large",12.14,12.2,10.96,0,2011
"JP3836","fortis small",11.31,9.74,9.17,0,2011
"JP3838","scandens",13.94,8.32,8.15,0,2011
"JP3839","fortis small",11.825,11.205,9.895,2,2011
"JP3841","scandens",13.67,7.86,7.95,0,2011
"JP3842","fortis small",11.21,10.8,9.82,0,2011
"JP3844","fortis large",12.87,11.99,11.07,0,2011
"JP3846","fuliginosa",8.74,7.86,7.24,0,2011
"JP3847","fortis small",11.28,10.57,9.79,0,2011
"JP3848","fortis small",11.09,9.94,10.02,0,2011
"JP3849","scandens",13.02,7.86,7.7,0,2011
"JP3871","fortis small",11.13,10.6,9.95,0,2011
"JP3872","scandens",13.34,8.55,8.28,0,2011
"JP3884","scandens",13.76,9.5,8.51,0,2011
"JP3885","fortis small",11.85,10.54,9.83,0,2011
"JP3886","scandens",15.67,8.25,8.05,0,2011
"JP3887","fortis small",11.88,10.9,10.07,0,2011
"JP3888","scandens",11.13,7.56,7.69,0,2011
"JP3889","fortis small",11.39,10.45,9.37,0,2011
"JP3890","fortis large",14.222,12.9,11.54,0,2011
"JP3891","fortis small",12.2,10.72,10.07,0,2011
"JP3892","scandens",11.93,8.78,8.38,0,2011
"JP3893","fortis small",11.11,10.58,9.59,0,2011
"JP3894","fortis large",13.02,12.49,11.48,0,2011
"JP3895","fortis large",12.49,12.47,11.3,0,2011
"JP3896","fortis large",13.3466666666667,13.2366666666667,11.9969546533333,1,2011
"JP3897","scandens",14.5,8.86,9.18,0,2011
"JP3898","scandens",14.45,8.42,8.17,0,2011
"JP3899","scandens",14.8,8.33,8.31,0,2011
"JP3900","scandens",14.64,9.09,8.94,0,2011
"JP3901","fortis small",11.63,10.17,8.95,0,2011
"JP391","fuliginosa",8.2,6.8,7.09,0,2011
"JP3911","fortis small",11.05,9.97,8.82,0,2011
"JP3912","fortis small",12.07,10.4,9.29,0,2011
"JP3913","fortis large",12.53,11.72,10.62,0,2011
"JP3914","fortis small",10.84,10.55,9.84,0,2011
"JP3916","fortis small",11.45,9.76,9.07,0,2011
"JP3919","fortis small",10.62,9.6,9.34,0,2011
"JP392","fuliginosa",8.55666666666667,6.87,6.67,2,2011
"JP3920","fortis small",10.86,9.64,9.53,0,2011
"JP3921","fortis small",11,9.29,8.74,0,2011
"JP3922","fortis small",11.75,11.62,10.83,0,2011
"JP3923","fortis large",12.78,12.44,11.41,0,2011
"JP3924","fortis large",13.74,12.78,10.9,0,2011
"JP3925","fortis small",11.3,10.76,9.59,0,2011
"JP3926","fortis small",11.34,10.5,9.88,0,2011
"JP3927","scandens",15.59,9,8.49,0,2011
"JP3928","scandens",13.93,8.04,8.27,0,2011
"JP3929","fortis small",12.09,9.83,9.5,0,2011
"JP393","fuliginosa",8.28,6.67,6.75,0,2011
"JP3930","fortis large",12.6,12.17,10.86,0,2011
"JP3931","fortis small",11.02,10.64,9.66,0,2011
"JP3933","fortis small",11.855,9.41,9.215,1,2011
"JP3934","fortis small",10.66,10.02,9.47,0,2011
"JP3935","fortis small",10.87,10.27,9.28,0,2011
"JP3936","scandens",14.42,8.36,8.23,0,2011
"JP3939","fortis small",11.09,10.13,9.39,0,2011
"JP394","fuliginosa",8.2,6.76,6.76,0,2011
"JP3940","fortis small",10.335,10.275,9.695,1,2011
"JP3941","fortis small",11.31,10.07,9.52,0,2011
"JP3942","fortis small",11.82,10.62,9.74,0,2011
"JP3943","fortis small",10.95,10.79,9.75,0,2011
"JP3944","fortis small",10.09,8.8,8.51,0,2011
"JP3958","fortis small",10.05,9.37,8.62,0,2011
"JP3959","fortis large",13.86,13.12,11.94,0,2011
"JP3960","fortis large",12.54,12.18,11.25,0,2011
"JP3961","fortis small",11.13,10.58,9.73,0,2011
"JP3962","fortis small",10.26,9.36,8.55,0,2011
"JP3963","fortis large",12.5416666666667,12.38,10.825,2,2011
"JP3964","fortis small",12.08,10.29,9.44,0,2011
"JP3966","fortis small",10.88,9.69,9.25,0,2011
"JP3967","fortis small",11.16,10.67,9.78316631,0,2012
"JP3969","fortis large",13.72,12.43,11.17691146,0,2012
"JP397","fuliginosa",8.92,7.59,7.04,0,2011
"JP3970","scandens",12.71,8.97,8.4369352,0,2012
"JP3971","scandens",14.54,8.19,7.819252691,0,2012
"JP3972","fortis small",10.17,8.69,8.215203017,0,2012
"JP3979","fortis large",12.65,11.9,10.75720411,0,2012
"JP398","fuliginosa",8.21,6.86,7.13,0,2011
"JP3980","fortis small",11.55,9.95,9.21299784,0,2012
"JP3981","fortis small",10.83,9.2,8.61907235,0,2012
"JP3982","fortis large",12.63,12.31,10.947994605,0,2012
"JP3983","fortis large",13.52,13,11.62829483,0,2012
"JP3985","fortis small",11.16,9.25,8.658667383,0,2012
"JP3993","fortis small",11.12,9.92,9.553782397,1,2012
"JP3994","fortis small",10.93,9.59,8.927913605,0,2012
"JP3995","fortis large",13.43,13.4,11.94505509,0,2012
"JP3996","fortis small",11.19,9.33,8.722019435,0,2012
"JP3997","fortis small",11.4,9.89,9.165483801,0,2012
"JP3998","fortis small",11.875,11.555,10.066380671,7,2012
"JP3999","fortis small",10.85,9.71,9.022941683,0,2012
"JP400","fuliginosa",8.61,7.26,6.95,0,2011
"JP4000","fortis small",10.52,9.3,8.698262416,0,2012
"JP4010","fortis small",11.25,10.63,9.751490284,0,2012
"JP4011","fortis small",10.34,9.03,8.484449239,0,2012
"JP4013","fortis small",10.91,9.77,9.070455722,0,2012
"JP4014","fortis small",11.88,10.59,9.719814258,0,2012
"JP4015","fortis small",10.44,10.41,9.57727214,0,2012
"JP4016","fortis small",12.09,10.5,9.648543199,0,2012
"JP4017","fortis small",11.44,10.64,9.75940929,0,2012
"JP4018","fortis small",11.91,10.84,9.917789421,0,2012
"JP4019","fortis small",12.29,10.8,9.886113395,0,2012
"JP4020","fortis large",12.59,12.07,10.89182722,0,2012
"JP4022","fortis small",10.23,9.26,8.666586389,0,2012
"JP4023","fortis small",11.32,10.46,9.616867173,0,2012
"JP4024","scandens",16.07,8.88,8.365664141,0,2012
"JP4025","fortis small",11.07,10.05,9.292187905,0,2012
"JP4027","fortis small",11.16,10.92,9.981141473,0,2012
"JP4028","fortis small",11.3925,10.3125,9.30388498925,2,2012
"JP4039","fortis small",11.61,10.8,9.886113395,0,2012
"JP4040","fortis small",11.89,10.91,9.973222466,0,2012
"JP4041","fortis small",11.6,10.82,9.901951408,0,2012
"JP4042","fortis small",11.95,10.02,9.268430885,0,2012
"JP4043","fortis small",11.48,10.07,9.308025918,0,2012
"JP4044","scandens",14.78,8.25,7.86676673,0,2012
"JP4045","fortis small",11.54,10.63,9.751490284,0,2012
"JP4046","fortis small",10.16,9.65,8.975427644,0,2012
"JP4047","fortis small",11.68,10.51,9.656462205,0,2012
"JP4048","fortis small",10.82,9.34,8.729938442,0,2012
"JP405","fuliginosa",8.6,7.305,7.135,4,2011
"JP406","fuliginosa",8.74,7.27,7.13,0,2011
"JP407","fuliginosa",8.73,7.05,7.13,0,2011
"JP4074","scandens",15,8.9,8.381502155,0,2012
"JP4075","fortis small",11.55,9.93,9.197159827,0,2012
"JP4076","scandens",12.85,8.81,8.310231096,0,2012
"JP4079","fortis small",11.48,10.085,9.4171344495,1,2012
"JP407x","fortis small",11.08,9.85,9.133807775,0,2012
"JP408","fuliginosa",8.99,7.02,7,0,2011
"JP4080","fortis small",11.3,9.625,8.69936177,2,2012
"JP4081","fortis small",11.05,10.07,9.308025918,0,2012
"JP4082","fortis large",13.4,13.73,12.20638231,0,2012
"JP4083","fortis small",11.29,9.46,8.82496652,0,2012
"JP4089","scandens",15.43,8.99,8.452773213,0,2012
"JP409","fuliginosa",8.18,7.25,6.91,0,2011
"JP4090","fortis small",11.52,10.355,9.519850972,5,2012
"JP4091","fortis large",12.46,12.44,11.18483046,0,2012
"JP4092","fortis small",10.79,10.11,9.339701944,0,2012
"JP4093","fortis small",10.63,10.82,9.901951408,0,2012
"JP4094","fortis small",12.33,10.28,9.474325055,0,2012
"JP4095","fortis small",11.67,10.14,9.363458964,0,2012
"JP4096","fortis small",10.74,9.485,9.1620502145,0,2012
"JP410","fuliginosa",8.71,7.06,6.68,0,2011
"JP411","fuliginosa",8.93,6.81,6.69,0,2011
"JP412","fuliginosa",8.69,7.4,7.14,0,2011
"JP421","fuliginosa",8.24,6.93,6.94,0,2011
"JP422","fuliginosa",7.93,7.11,6.91,0,2011
"JP424","fuliginosa",7.95,6.76,6.91,0,2011
"JP425","fuliginosa",8.56,6.78,6.85,0,2011
"JP427","fuliginosa",7.7,7.39,6.79,0,2011
"JP430","fuliginosa",8.74,7.02,7.16,0,2011
"JP4301","fortis small",11.27,9.77,9.070455722,0,2012
"JP4302","fortis small",11.32,9.72,9.03086069,0,2012
"JP4303","fortis small",11.21,9.92,9.18924082,0,2012
"JP4304","fortis small",12.22,10.1,9.331782938,0,2012
"JP4305","fortis small",11.61,10.67,9.78316631,0,2012
"JP4306","fortis small",10.75,9.25,8.658667383,0,2012
"JP4307","fortis small",11.58,10.26,9.458487042,0,2012
"JP4308","fortis small",11.19,9.72,9.03086069,0,2012
"JP4309","fortis large",12.04,11.96,10.80471815,0,2012
"JP431","fuliginosa",7.865,6.4675,6.22,2,2011
"JP4310","fortis small",11.84,11.19,10.19495465,0,2012
"JP4311","fortis small",10.33,9.97,9.24,0,2012
"JP4312","fortis small",11.87,10.92,10.32,0,2012
"JP4313","fortis small",11.03,10.43,10.18,0,2012
"JP4314","scandens",13.4,8.86,8.33,0,2012
"JP4315","fortis small",10.52,10.57,9.18,0,2012
"JP4319","fortis small",10.8,10.73,9.53,0,2012
"JP432","fuliginosa",8.81,7.48,6.98,0,2011
"JP433","fuliginosa",8.31,6.85,7.06,0,2011
"JP4332","fortis large",12.76,14.84,11.29,0,2012
"JP4334","fortis small",10.66,9.62,9.06,0,2012
"JP4335","fortis small",11.53,10.73,8.8,0,2012
"JP4336","fortis large",14.2,13.11,12.09,0,2012
"JP4337","fortis large",12.03,12.04,10.4,0,2012
"JP4338","fortis large",11.8,12.89,10.89,0,2012
"JP434","fuliginosa",9.7375,7.2575,6.97756074175,3,2011
"JP4343","fortis large",13.71,14.4,11.76,0,2012
"JP4344","fortis small",12.26,11.32,10.22,0,2012
"JP4345","fortis small",10.55,10.71,10.38,0,2012
"JP4346","fortis large",12.4,12.76,10.92,0,2012
"JP4348","fortis small",11.345,10.435,9.345,5,2012
"JP4349","fortis large",12.53,12.97,10.6,0,2012
"JP435","fuliginosa",8.54,6.75,7,0,2011
"JP4350","scandens",14.05,9.17,8.95,0,2012
"JP4351","fortis small",11.02,11.11,9.53,0,2012
"JP4352","fortis small",10.6,10.76,10.02,0,2012
"JP4353","fortis small",10.52,9.79,9.27,0,2012
"JP4354","fortis large",12.79,12.86,12.37,0,2012
"JP4355","fortis small",10.69,10.65,9.32,0,2012
"JP4356","fortis small",10.14,9.72,9.58,0,2012
"JP4357","scandens",15.14,8.92,8.56,0,2012
"JP436","fuliginosa",8.66,7.11,7.01,0,2011
"JP437","fuliginosa",8.16,6.63,6.82,0,2011
"JP4372","fortis small",10.92,10.11,9.79,0,2012
"JP4373","magnirostris",13.99,15.45,13.01,0,2012
"JP4374","fortis small",11.885,10.96,9.89,1,2012
"JP4378","fortis small",11.37,10.93,9.82,0,2012
"JP4379","fortis large",11.94,12.51,10.7,0,2012
"JP438","fuliginosa",8.73,7.27,6.73,0,2011
"JP4380","fortis large",13.9666666666667,13.13,11.7066666666667,1,2012
"JP4382","fortis small",11.1,10.89,9.89,0,2012
"JP4384","fortis small",10.935,9.885,9.465,1,2012
"JP4385","scandens",14.28,8.44,8.605,2,2012
"JP4387","scandens",14.195,8.57,8.8,1,2012
"JP439","fuliginosa",8,7.27,7.02,0,2011
"JP4390","fortis small",10.47,10.13,9.54,0,2012
"JP4392","fortis small",11.32,11.62,10.21,0,2012
"JP4393","fortis small",11.07,10.43,9.19,0,2012
"JP4394","fortis large",12.5,13.53,11.33,0,2012
"JP4395","fortis small",10.7,10.68,9.66,0,2012
"JP4396","fortis small",10.61,10.24,8.71,0,2012
"JP4397","fortis small",10.93,10.06,9.22,0,2012
"JP4398","scandens",13.5,8.1,7.78,0,2012
"JP440","fuliginosa",8.52,6.84,6.7,0,2011
"JP4401","fortis small",11.49,11.18,10.26,0,2012
"JP4402","fortis small",11.36,11.58,10.21,0,2012
"JP4403","fortis large",12.28,12.82,11.13,0,2012
"JP4404","fortis small",11.9333333333333,10.6833333333333,10.2833333333333,2,2012
"JP4405","fortis small",10.38,8.54,8.21,0,2012
"JP4407","scandens",15.47,8.8,8.37,0,2012
"JP4408","scandens",14.85,8.54,8.74,0,2012
"JP441","fuliginosa",8.97,7.33,7.2,0,2011
"JP4410","scandens",15.33,8.58,8.37,0,2012
"JP4412","fortis large",13.75,12.2,11.06,0,2012
"JP4413","fortis large",13.43,13.42,11.78,0,2012
"JP4414","fortis small",10.56,9.32,8.67,0,2012
"JP4416","fortis small",12.2,10.23,9.63,0,2012
"JP4417","scandens",14,8.78,8.73,0,2012
"JP4419","scandens",12.5,8.48,8.34,0,2012
"JP4420","fortis small",11.34,9.55,9.48,0,2012
"JP4422","fortis small",11.485,9.76,8.845,1,2012
"JP4423","scandens",14.54,9.57,9.51,0,2012
"JP4424","fortis large",11.89,11.87,10.63,0,2012
"JP4426","scandens",12.84,9.52,8.75,0,2012
"JP4428","scandens",14.19,7.98,7.89,0,2012
"JP4429","fortis small",11.65,9.73,9.34,0,2012
"JP4430","fortis small",11.19,10.31,9.36,0,2012
"JP4431","fortis large",14.36,13.64,12.01,0,2012
"JP4439","fortis large",13.22,12.61,11.91,0,2012
"JP4440","scandens",14.3,8.32,8.39,0,2012
"JP4441","fortis large",12.53,11.9,11.18,0,2012
"JP4442","fortis small",12.32,11.39,10.34,0,2012
"JP4443","fortis large",12.52,11.81,10.89,0,2012
"JP4444","fortis large",14.27,13.51,13.23,0,2012
"JP4445","fortis small",10.81,10.23,9.39,0,2012
"JP4446","fortis small",11.55,10.79,9.58,0,2012
"JP4447","fortis small",11.59,10.37,9.32,0,2012
"JP4448","fortis small",11.24,10.19,9.42,0,2012
"JP4450","scandens",14.26,7.88,8.43,0,2012
"JP4451","fortis small",12.06,10.23,9.88,0,2012
"JP4452","fortis large",13.37,11.43,10.32,0,2012
"JP4454","fortis small",10.92,9.66,8.89,0,2012
"JP4455","fortis small",10.78,8.61,7.9,0,2012
"JP4457","fortis small",12.35,11.37,10.36,0,2012
"JP4458","fortis small",11.05,10.31,9.24,0,2012
"JP4459","fortis large",12.99,11.79,11.13,0,2012
"JP4460","fortis small",11.815,10.655,9.96,1,2012
"JP4461","fortis small",11.39,9.22,8.84,0,2012
"JP4463","fortis large",12.71,11.54,10.91,0,2012
"JP4464","fortis small",10.89,9.59,8.94,0,2012
"JP4465","fortis small",10.81,10.02,8.81,0,2012
"JP4466","fortis small",11.275,10.335,10.195,5,2012
"JP4467","fortis small",12.61,10.96,10.5,0,2012
"JP4468","scandens",14.39,8.12,7.73,0,2012
"JP4469","fortis small",11.15,10.33,9.22,0,2012
"JP4470","fortis small",11.24,10.39,9.21,0,2012
"JP4471","fortis large",13.17,11.7,11.32,0,2012
"JP4472","fortis large",12.89,12.58,11.41,0,2012
"JP4528","fortis small",11.28,9.67,8.91,0,2013
"JP4529","scandens",14.73,8.76666666666667,8.36,1,2013
"JP4530","fortis small",10.57,9.12,8.38,0,2013
"JP4531","scandens",16.33,8.26,8.45,0,2013
"JP4532","fortis small",11.95,11.15,9.86,0,2013
"JP4533","fortis small",10.85,9.82,9.37,0,2013
"JP4534","scandens",14.09,7.84,8.55,0,2013
"JP4541","fortis small",11.34,10.255,9.48,1,2013
"JP4542","fortis small",11.45,10.33,9.12,0,2013
"JP4546","scandens",14.96,8.18,8.88,0,2013
"JP4547","fortis large",12.725,12.225,10.45,1,2013
"JP4548","fortis large",13.94,13.71,11.33,0,2013
"JP4553","fortis small",11.49,9.58,8.88,0,2013
"JP4554","fortis small",10.89,9.45,9.03,0,2013
"JP4555","fortis large",13.88,13.79,12.1,0,2013
"JP4556","fortis large",12.43,12.61,11.31,0,2013
"JP4557","magnirostris",15.99,15.78,13.52,0,2013
"JP4558","scandens",13.7933333333333,8.46333333333333,7.93,6,2013
"JP4559","fortis small",11.94,10.97,9.74,0,2013
"JP4560","fortis small",12.38,10.98,10.16,0,2013
"JP4561","fortis large",12.93,11.83,11.2,0,2013
"JP4562","fortis large",12.93,12.52,11.88,0,2013
"JP4563","fortis large",11.64,12.48,10.87,0,2013
"JP4564","fortis small",11.46,10.25,9.5,0,2013
"JP4565","fortis small",10.41,9.67,8.65,0,2013
"JP4566","fortis small",10.91,9.58,8.63,0,2013
"JP4567","fortis small",12.09,11,10.34,0,2013
"JP4581","fortis small",11.45,11.02,10.16,0,2013
"JP4582","fortis small",11.2,10.34,9.52,0,2013
"JP4583","fortis small",11.46,10.09,9.43,0,2013
"JP4584","fortis large",12.29,12.27,10.68,0,2013
"JP4585","fortis small",11.24,10.34,9.21,0,2013
"JP4586","fortis large",11.9,12.5,11.21,0,2013
"JP4587","fortis small",11.52,10.03,8.87,0,2013
"JP4588","fortis small",11.9,9.87,8.42,0,2013
"JP4589","fortis small",10.17,10.38,8.84,0,2013
"JP4612","fortis small",12.33,10.24,9.41,0,2013
"JP4613","fortis small",11.42,10.7166666666667,10.49,1,2013
"JP4614","fortis small",12.14,10.36,9.65,0,2013
"JP4615","scandens",14.55,7.77,8.06,0,2013
"JP4616","magnirostris",15.53,14.93,13.94,0,2013
"JP4618","scandens",15.06,8.28,7.98,0,2013
"JP4620","scandens",14.51,8.26,7.98,0,2013
"JP4621","fortis small",12.09,10.63,9.55,0,2013
"JP4622","fortis small",11.07,9.76,8.6,0,2013
"JP4623","fortis small",11.1,10.11,9.54,0,2013
"JP4641","fortis small",10.08,8.69,8.31,0,2013
"JP4642","fortis large",13.93,12.88,11.84,0,2013
"JP4645","fortis small",11.395,9.945,9.82,6,2013
"JP4657","fortis small",11.78,10.7,9.73,0,2013
"JP4658","fortis small",12.94,10.93,10.23,0,2013
"JP4659","fortis small",12.03,10.26,9.32,0,2013
"JP4660","scandens",13.46,8.02,8.46,0,2013
"JP4661","fortis large",13.8,12.06,10.76,0,2013
"JP4662","fortis small",11.67,10.43,9.52,0,2013
"JP4669","fortis large",12.61,11.715,10.66,1,2013
"JP4671","fortis small",12,10.56,9.46,0,2013
"JP4672","scandens",15.4,8.25,8,0,2013
"JP4673","fortis small",11.39,9.98,9.42,1,2013
"JP4674","scandens",14.23,8.4,7.88,0,2013
"JP4675","fortis small",11.71,11.42,10.28,0,2013
"JP4676","fortis small",11.14,9.55,8.93,0,2013
"JP4677","fortis small",12.23,11.29,10.06,0,2013
"JP4679","scandens",15.24,8.24,8,0,2013
"JP4680","fortis large",13.13,12.59,11.18,0,2013
"JP4681","fortis large",14.29,13.92,12.02,0,2013
"JP4684","fortis large",12.04,12.31,10.89,0,2013
"JP4687","scandens",14.1,8.33,8.01,0,2013
"JP4688","fortis small",11.11,10.14,9.36,0,2013
"JP469","fuliginosa",8.71,7.16,7.03,0,2011
"JP4690","fortis small",11.67,10.21,9.57,0,2013
"JP4691","fortis large",13.44,12.6,11.57,0,2013
"JP4692","fortis small",11.72,11.24,9.31,0,2013
"JP4693","fortis small",11.72,10.82,9.435,1,2013
"JP4694","fortis large",12.49,12.3,11.18,0,2013
"JP4695","fortis large",12.71,12.06,10.98,0,2013
"JP4697","fortis small",11.99,9.64,9.42,0,2013
"JP470","fuliginosa",8.36,6.9,6.84,0,2011
"JP472","fuliginosa",8.41,6.99,6.78,0,2011
"JP4721","fortis small",11.78,9.77,9.4,0,2013
"JP4722","fortis small",11.59,10.18,8.86,0,2013
"JP4723","fortis small",11.82,10.78,9.87,0,2013
"JP4724","fortis small",11.21,10.18,9.63,0,2013
"JP4725","fortis small",12.47,11.36,10.28,0,2013
"JP4726","fortis small",11.1,9.69,9.48,0,2013
"JP4727","scandens",13.77,7.77,7.59,0,2013
"JP4728","fortis large",13.72,12.47,11.63,0,2013
"JP4729","scandens",14.96,8.25,8.24,0,2013
"JP473","fuliginosa",8.39,6.63,6.71,0,2011
"JP4731","fortis small",12.16,10.73,9.98,0,2013
"JP4732","fortis small",11.33,9.12,8.41,0,2013
"JP4738","fortis small",11.64,9.81,9.23,0,2013
"JP4739","fortis small",11.65,10.69,9.88,0,2013
"JP474","fuliginosa",8.04,7.1,6.66,0,2011
"JP4740","fortis large",13.66,12.39,11.291,0,2013
"JP4741","fortis small",11.06,10.2,9.14,0,2013
"JP4742","scandens",15.06,8.4,8.26,0,2013
"JP4743","scandens",15.46,8.97,8.51,0,2013
"JP4744","fortis large",14.52,13.84,12.42,0,2013
"JP4745","fortis small",11.1,9.86,8.63,0,2013
"JP4746","fortis large",12.97,12.79,11.78,0,2013
"JP475","fuliginosa",8.6,7.08,7.04,0,2011
"JP4755","fortis small",10.37,9.93,9.15,0,2013
"JP4756","fortis small",11,10.39,9.98,0,2013
"JP4758","fortis large",12.73,11.63,10.82,0,2013
"JP4759","fortis small",11.72,10.57,9.61,0,2013
"JP4760","scandens",14.16,8.45,8.54,0,2013
"JP4761","scandens",14.13,8.2,7.99,0,2013
"JP4762","fortis small",12.51,10.55,9.84,0,2013
"JP4763","scandens",14.41,8.77,8.15,0,2013
"JP4764","fortis small",10.44,9.09,8.55,0,2013
"JP4765","fortis small",12.15,11.15,9.95,0,2013
"JP4766","scandens",13.34,8.01,7.46,0,2013
"JP4767","scandens",14.12,8.16,8.11,0,2013
"JP4768","fortis small",11.25,10.02,9.44,0,2013
"JP4769","fortis small",11.93,10.94,10.1,0,2013
"JP4770","fortis small",11.06,10.66,9.9,0,2013
"JP4771","fortis small",10.66,9.55,9.4,0,2013
"JP4772","fortis small",11.94,10.29,9.36,0,2013
"JP4773","fortis large",13.03,12.04,10.87,0,2013
"JP4780","fortis small",11.58,10.63,10.22,0,2013
"JP4781","fortis small",10.35,9.17,9.02,0,2013
"JP4782","fortis small",10.69,9.78,8.87,0,2013
"JP4783","scandens",14.72,7.87,7.78,0,2013
"JP4784","fortis small",10.4,10.05,9.51,0,2013
"JP4785","fortis small",11.01,8.75,8.63,0,2013
"JP479","fuliginosa",8.82,6.74,6.65,0,2011
"JP4804","fortis small",11.5,10.99,10.01,0,2013
"JP4805","fortis large",13.23,13.65,11.62,0,2013
"JP4806","fortis small",10.88,9.63,8.87,0,2013
"JP4807","fortis small",10.81,9.83,9.07,0,2013
"JP4809","fortis large",13.15,13.61,12.15,0,2013
"JP4810","fortis large",12.51,11.53,10.5,0,2013
"JP482","fuliginosa",8.03,6.94,6.95,0,2011
"JP4821","fortis large",12.24,12.46,11.23,0,2013
"JP4823","fortis large",13.48,13.55,12.42,0,2013
"JP4824","fortis large",13.05,11.71,11.34,0,2013
"JP4825","fortis large",12.74,11.965,10.53,1,2013
"JP4826","scandens",12.52,7.9,7.58,0,2013
"JP4827","fortis small",10.81,9.62,8.76,0,2013
"JP4828","fortis small",10.92,10.29,9.26,0,2013
"JP4829","fortis large",13.22,11.34,10.62,0,2013
"JP483","fuliginosa",9.62,7.74,7.23,0,2011
"JP4831","fortis small",12.5,10.8,9.78,0,2013
"JP4832","fortis small",11.98,10.35,9.5,0,2013
"JP4833","scandens",14.51,8.54,8.04,0,2013
"JP4834","fortis small",10.92,9.22,8.68,0,2013
"JP4836","scandens",12.21,8.84,8.81,0,2013
"JP4839","fortis small",11.88,10.66,9.34,0,2013
"JP484","fuliginosa",8.865,6.675,6.619632281,1,2011
"JP4840","fortis small",10.9,9.52,9.15,1,2013
"JP4841","fortis large",13.82,13.17,11.78,0,2013
"JP4842","scandens",11.94,8.75,8.59,0,2013
"JP4843","scandens",14.31,8.48,8.26,0,2013
"JP4844","fortis large",12.2,12.14,10.42,0,2013
"JP4845","fortis large",13.09,12.48,10.98,0,2013
"JP4846","fortis large",12.69,12.3,10.74,0,2013
"JP4847","fortis small",11.19,10.63,9.1,0,2013
"JP485","fuliginosa",8.87,7.55,7.02,0,2011
"JP4855","fortis small",12.06,11.01,10.05,0,2013
"JP4856","fortis small",11.16,10.3,9.37,0,2013
"JP4858","magnirostris",14.94,15.73,13.66,0,2013
"JP4859","fortis small",11.32,9.94,9.04,0,2013
"JP486","fuliginosa",8.76,7.06,7.01,0,2011
"JP4864","fortis small",11.305,9.71,8.93,1,2013
"JP487","fuliginosa",8.75,7.81,7.25,0,2011
"JP4879","fortis large",12.98,11.73,11.04,0,2013
"JP488","fuliginosa",8.51,6.75,6.74,0,2011
"JP4880","scandens",14.84,8.86,8.28,0,2013
"JP4881","fortis small",11.19,9.24,8.71,0,2013
"JP4882","fortis small",11.43,10.55,9.72,0,2013
"JP4883","fortis small",11.6,9.96,9.17,0,2013
"JP4884","fortis small",11.68,10.62,9.14,0,2013
"JP4885","fortis small",10.82,9.21,8.7,0,2013
"JP4886","fortis small",11.78,10.88,9.84,0,2013
"JP489","fuliginosa",9.08,7.54,7.16,0,2011
"JP4896","scandens",14.305,9.05,8.59,1,2013
"JP4897","fortis small",11.74,9.5,9.35,0,2013
"JP4898","fortis small",11.38,9.92,9.02,0,2013
"JP490","fuliginosa",7.65,6.5,6.44,0,2011
"JP4900","scandens",15.36,8.22,8.28,0,2013
"JP4901","fortis small",10.88,9.79,8.96,0,2013
"JP4903","fortis small",11.12,10.13,9.02,0,2013
"JP4904","fortis large",12.94,11.82,10.75,0,2013
"JP4905","scandens",13.175,8.715,8.455,1,2013
"JP4906","fortis small",10.62,9.68,8.36,0,2013
"JP4912","fortis small",11.41,10.39,9.63,0,2013
"JP4916","fortis small",11.94,10.66,9.66,0,2013
"JP4917","fortis small",11.23,10.01,9.19,0,2013
"JP4918","scandens",14.88,8.36,7.87,0,2013
"JP492","fuliginosa",8.43,6.99,6.97,0,2011
"JP4921","fortis large",13.87,13.26,11.9,0,2013
"JP4922","fortis large",12.5,11.99,10.19,0,2013
"JP4925","fortis small",11.93,11.14,9.62,0,2013
"JP4926","fortis small",10.96,9.63,8.7,0,2013
"JP4927","fortis small",11.37,10.96,9.59,0,2013
"JP4928","fortis small",11.6,10.7,8.77,0,2013
"JP493","fuliginosa",8.63,6.73,6.49,0,2011
"JP4930","scandens",14.65,8.56,8.49,0,2013
"JP4931","scandens",15.12,8.84,8.91,0,2013
"JP4933","fortis small",10.22,9.37,8.43,0,2013
"JP4934","fortis small",11.25,10.21,9.58,0,2013
"JP4935","fuliginosa",9.16,7.58,7.28,0,2013
"JP4936","fortis small",11.33,10.5,10.08,0,2013
"JP4937","fortis small",10.39,9.09,8.69,0,2013
"JP4938","scandens",13.46,7.66,7.38,0,2013
"JP494","fuliginosa",9,6.99,6.89,0,2011
"JP4941","fortis small",11.69,9.81,9.22,0,2013
"JP4944","scandens",14.26,8.61,8.59,0,2013
"JP4946","fortis small",10.47,9.55,8.9,0,2013
"JP4948","fortis small",11.85,10.26,9.45,0,2013
"JP4949","scandens",14.89,8.7,8.41,0,2013
"JP495","fuliginosa",8.18,6.78,6.42,0,2011
"JP4950","fortis small",11.51,9.83,8.93,0,2013
"JP4952","scandens",14.09,7.72,7.87,0,2013
"JP4953","fortis small",11.59,11.01,9.83,0,2013
"JP4954","fortis small",11.01,9.95,8.41,0,2013
"JP496","fuliginosa",8.45,7.5,7.23,0,2011
"JP4963","fortis small",11.09,9.49,8.73,0,2013
"JP4965","fortis small",11.1,9.64,9.04,0,2013
"JP4966","fortis small",11.3,10.55,9.57,0,2013
"JP4967","fortis small",11.75,10.12,9.37,0,2013
"JP4968","fortis small",11.45,10.78,9.36,0,2013
"JP4969","scandens",13.89,8.36,8.06,0,2013
"JP497","fortis small",10.03,8.88,8.37,0,2011
"JP4970","fortis small",10.79,9.61,8.88,0,2013
"JP4971","fortis small",12.02,10.47,9.16,0,2013
"JP4973","fortis small",11.23,9.81,8.88,0,2013
"JP4974","fortis small",12.04,11.145,9.47,7,2013
"JP4978","fortis large",12.35,12.35,11,0,2013
"JP498","fuliginosa",8.98,7.37,7.29,1,2011
"JP4980","fortis small",11.4,10.29,9.83,0,2013
"JP4981","fortis large",12.52,12.02,10.32,0,2013
"JP4982","fortis small",11.57,9.75,9.2,0,2013
"JP4983","fortis small",11.15,9.84,9.14,0,2013
"JP4986","scandens",16.03,8.17,7.8,0,2013
"JP499","fuliginosa",8.51,6.83,6.54,0,2011
"JP4993","fortis small",12.83,10.83,9.66,0,2013
"JP4995","scandens",13.86,8.07,7.97,0,2013
"JP4996","fortis small",12.15,12.11,9.64,0,2013
"JP4997","fortis small",10.22,9.32,8.85,0,2013
"JP4998","scandens",14.59,8.67,8.13,0,2013
"JP4999","scandens",13.79,7.98,8.02,0,2013
"JP500","fuliginosa",8.74,7.06,6.85,0,2011
"JP5005","scandens",15.57,9.44,8.82,0,2014
"JP5006","scandens",14.32,8.42,8.38,0,2014
"JP5012","fortis small",11.765,10.79,9.605,0,2014
"JP5013","magnirostris",15.08,15.79,13.51,0,2014
"JP5014","scandens",12.13,7.77,7.42,0,2014
"JP5015","magnirostris",15.29,16.17,13.67,0,2014
"JP5017","scandens",14.3,9.07,8.75,0,2014
"JP5018","fortis large",13.35,13.07,11.61,0,2014
"JP5019","scandens",14.32,9.24,8.78,0,2014
"JP502","fuliginosa",7.97,7.08,6.71,0,2011
"JP5021","fortis small",11.175,10.3825,9.5925,6,2014
"JP5022","fortis small",12.005,9.7,8.995,0,2014
"JP5027","fortis small",11.18,10.41,9.58,0,2014
"JP5028","fortis small",10.82,9.77,8.99,0,2014
"JP5029","fortis small",12.31,9.23,8.96,0,2014
"JP5030","fortis small",10.95,9.4,9.58,0,2014
"JP5031","fortis large",13.5,12.95,11.46,0,2014
"JP504","fuliginosa",8.35,7.01,6.95,2,2011
"JP5043","fortis small",11.26,10.08,9.14,0,2014
"JP5044","fortis large",13.17,12.69,11.45,0,2014
"JP505","fuliginosa",8.65,7.11,7.43,0,2011
"JP5056","fortis small",11.415,11.355,10.025,3,2014
"JP5057","fortis large",12.72,11.7066666666667,10.2366666666667,5,2014
"JP5058","fortis small",11.67,10.72,9.56,0,2014
"JP5059","scandens",12.64,8.36,8.13,0,2014
"JP506","fuliginosa",8.03,6.61,6.4,0,2011
"JP5060","fortis small",12.19,11.1,9.8,0,2014
"JP5064","fortis small",10.34,10.17,9.41,0,2014
"JP5066","fortis small",11.45,10.44,9.83,0,2014
"JP5071","fortis large",13.17,13.63,11.42,0,2014
"JP5072","fortis small",11.04,10.83,9.56,0,2014
"JP5074","fortis small",11.36,10.77,9.76,0,2014
"JP5075","fortis large",12.53,12.04,10.6,0,2014
"JP5080","scandens",14.28,9.16,8.98,0,2014
"JP5081","fortis small",10.955,10.025,9.21,0,2014
"JP5083","fortis large",12.4566666666667,12.26,11.0433333333333,3,2014
"JP5085","fuliginosa",8.72,7.12,6.9,0,2014
"JP5086","fortis small",11.83,10.68,10.3,0,2014
"JP5087","fortis small",11.315,9.415,9.255,1,2014
"JP5089","fortis small",12.1,10.78,10.06,0,2014
"JP509","fuliginosa",8.89,7.4,7.17,0,2011
"JP510","fuliginosa",8,6.77,6.83,0,2011
"JP5100","fortis small",10.745,9.965,9.57,1,2014
"JP5101","fortis large",12.32,11.58,10.41,0,2014
"JP5102","fortis small",10.975,9.955,9.28,0,2014
"JP5103","fortis small",11.84,10.53,9.43,0,2014
"JP5104","fortis large",13.42,14.02,12.49,0,2014
"JP5105","magnirostris",14.52,16.82,15.02,0,2014
"JP5106","fortis small",12.3575,10.3925,9.6475,3,2014
"JP5107","fortis large",12.89,12.09,10.91,0,2014
"JP5108","scandens",13.49,7.64,7.21,0,2014
"JP5109","scandens",14.13,7.96,7.77,0,2014
"JP511","fuliginosa",8.87,7.26,7.3,0,2011
"JP5110","fortis small",11.335,10.575,10.015,0,2014
"JP5111","fortis small",10.815,10.145,9.32,0,2014
"JP5116","fortis small",11.75,11.605,10.305,0,2014
"JP5117","fortis small",11.305,9.83,9.505,0,2014
"JP5118","fortis large",12.215,11.37,11.285,0,2014
"JP5119","magnirostris",15.3766666666667,16.9333333333333,14.4566666666667,0,2014
"JP512","fuliginosa",8.87,7.5,6.91,0,2011
"JP5121","fortis large",12.74,12.16,11.2875,0,2014
"JP5128","fortis small",11.68,11.02,10.36,0,2014
"JP5129","fortis small",11.22,10.38,9.6,0,2014
"JP513","fuliginosa",8.04,7.01,6.46,0,2011
"JP5130","fortis large",12.63,12.24,11.21,0,2014
"JP5131","fortis large",13.54,12.61,11.92,0,2014
"JP5132","scandens",14.01,8.48,8.62,0,2014
"JP5133","scandens",15.5,8.93,8.32,0,2014
"JP5134","scandens",14.76,9.17,8.92,0,2014
"JP5135","scandens",15.1,8.1,8.11,0,2014
"JP514","fuliginosa",8.12,7.32,7.3,0,2011
"JP5142","fortis large",11.88,11.93,10.57,0,2014
"JP5143","fortis small",11.59,10.33,9.59,0,2014
"JP515","fuliginosa",8.16,6.65,6.99,0,2011
"JP5150","fortis small",11.8,11.27,10.66,0,2014
"JP5151","fortis small",10.96,9.33,8.45,0,2014
"JP5156","fortis small",11.15,10.42,9.09,0,2014
"JP5157","fortis small",11.12,11.56,9.54,0,2014
"JP5158","fortis large",12.885,13.48,11.56,0,2014
"JP5159","fortis small",11.865,10.43,9.435,4,2014
"JP516","fuliginosa",8.25,6.78,7.19,0,2011
"JP5160","fortis large",12.95,13.33,10.91,0,2014
"JP5161","fortis small",10.53,10.15,9.14,0,2014
"JP5162","fortis large",13.02,13.2,11.49,0,2014
"JP5163","fortis small",11.6,10.77,9.57,0,2014
"JP5164","fortis small",11.24,10.46,9.24,0,2014
"JP5165","fortis small",12.4,10.57,9.9,1,2014
"JP5166","fortis small",11.692,10.366,9.862,6,2014
"JP5167","fortis large",13.37,15.15,13.2,0,2014
"JP5168","fortis large",11.02,13.07,11.81,0,2014
"JP517","fuliginosa",8.45,7.405,7.085,3,2011
"JP5170","fortis large",13.21,14.11,11.87,0,2014
"JP5171","fortis small",11.71,10.79,9.93,0,2014
"JP5172","fortis small",10.67,9.6,8.86,0,2014
"JP5177","scandens",13.5425,9.5075,8.1775,6,2014
"JP5178","fortis large",13.52,14.305,12.865,0,2014
"JP5179","fortis small",10.665,9.915,9.575,0,2014
"JP518","fuliginosa",8.24,7.1,6.64,0,2011
"JP5181","fortis small",10.98,11.48,9.99,0,2014
"JP519","fuliginosa",8.59,6.83,6.67,0,2011
"JP520","fuliginosa",8.63,7.11,6.76,0,2011
"JP5202","fortis small",11.7,10.3,9.32,0,2014
"JP5203","fortis small",10.17,9.405,8.31,4,2014
"JP5204","fortis small",12.04,11.24,9.96,0,2014
"JP521","fuliginosa",8.29,6.77,6.52,0,2011
"JP5215","fortis small",12.4,11.425,10.16,0,2014
"JP5216","fortis large",12.975,12.095,11.145,0,2014
"JP5217","fortis large",13.73,13.295,11.71,0,2014
"JP5218","fortis large",12.34,12.385,10.635,0,2014
"JP522","fuliginosa",9.03,7.25,6.92,0,2011
"JP5220","fortis small",12.17,10.93,9.81,0,2014
"JP5222","scandens",13.135,9.375,8.615,0,2014
"JP523","fuliginosa",7.43,7.24,7,0,2011
"JP524","fuliginosa",8.39,7.13,6.87,0,2011
"JP5244","fortis small",11.06,9.73,8.98,0,2014
"JP5245","fortis small",12.02,10.65,9.14,0,2014
"JP5246","fortis small",11.45,10.31,8.69,0,2014
"JP5247","scandens",12.66,8.755,7.945,5,2014
"JP5248","fortis small",11.8366666666667,10.05,9.19166666666667,6,2014
"JP5249","fortis large",14.5,14.15,11.53,0,2014
"JP525","fuliginosa",8.7,7.47,7.07,0,2011
"JP5253","fortis small",11.08,9.71,8.54,0,2014
"JP5254","fortis small",10.945,9.72,8.765,5,2014
"JP5255","scandens",12.78,8.48,8.09,0,2014
"JP5256","fortis small",11.79,10.57,9.61,0,2014
"JP5268","scandens",15.05,8.68,8.3,0,2014
"JP5269","scandens",15.23,9.12,8.54,0,2014
"JP527","fuliginosa",8.37,6.91,6.74,0,2011
"JP5270","fortis small",11.31,10.32,8.99,0,2014
"JP5272","fortis small",12.07,10.23,9.31,0,2014
"JP5273","fortis small",11.61,10.9,9.68,0,2014
"JP5274","fortis small",10.7925,9.8975,9.0525,6,2014
"JP5275","scandens",13.72,7.75,7.63,0,2014
"JP5276","scandens",14.67,8.65,8,0,2014
"JP5277","fortis small",11.15,9.99,8.48,0,2014
"JP5278","scandens",14.17,7.97,7.37,0,2014
"JP5279","scandens",13.34,8.76,8.05,0,2014
"JP528","fuliginosa",8.22,6.71,6.765,1,2011
"JP5280","fortis large",13.78,14.26,12.19,0,2014
"JP5281","fortis large",12.79,13.51,11.5,0,2014
"JP5282","fortis large",13.24,12.25,10.4,0,2014
"JP5283","fortis large",13,13.55,11.73,0,2014
"JP5284","fortis small",11.685,10.515,10.085,1,2014
"JP5285","fortis large",13.63,13.34,11.39,0,2014
"JP5286","fortis large",13.66,12.81,11.12,0,2014
"JP5287","fortis small",11.01,9.95,8.73,0,2014
"JP5288","scandens",13.52,7.85,7.61,0,2014
"JP5290","fortis large",12.52,12.2,10.41,0,2014
"JP5291","fortis small",10.9,9.89,8.99,0,2014
"JP5292","fortis small",10.92,9.45,8.36,0,2014
"JP5293","fortis small",11.92,11.65,10.25,0,2014
"JP5294","fortis small",10.69,9.88,9.37,0,2014
"JP5295","fortis small",11.81,10.67,9.18,0,2014
"JP5296","scandens",14.12,8.42,8.33,0,2014
"JP5297","fortis small",10.82,9.87,9.03,0,2014
"JP5298","fortis small",11,10.58,9.06,0,2014
"JP5299","scandens",13.55,7.82,7.83,0,2014
"JP530","fuliginosa",8.48,6.72,6.77,0,2011
"JP5300","fortis small",11.46,10.31,9.66,0,2014
"JP5301","fortis large",12.82,12.12,11.06,0,2014
"JP5302","fortis large",12.37,11.93,10.225,1,2014
"JP5303","fortis small",11.1,11.03,10.02,0,2014
"JP5304","fortis small",11.27,9.62,8.6,0,2014
"JP5305","fortis small",10.92,9.85,9.19,0,2014
"JP5306","fortis large",13.09,12.44,10.1,0,2014
"JP5307","fortis large",12.57,12.74,10.37,0,2014
"JP5308","fortis small",10.77,10.35,9.57,0,2014
"JP5309","fortis small",11.38,10.24,9.18,0,2014
"JP531","fuliginosa",8.53,6.92,6.64,0,2011
"JP532","fuliginosa",9.04,7.52,7.54,0,2011
"JP533","fuliginosa",8.84,7.29,6.91,0,2011
"JP534","fuliginosa",8.64,7.2,7.03,0,2011
"JP536","fuliginosa",8.72,7.07,6.53,0,2011
"JP537","fuliginosa",8.88,7.74,6.8,0,2011
"JP5394","scandens",12.85,8.01,8.25,0,2015
"JP5395","scandens",14.63,9.24,8.68,0,2015
"JP5396","scandens",14.86,8.88,8.83,0,2015
"JP5397","fortis large",12.78,13.49,11.84,0,2015
"JP5398","fortis large",13.22,12.59,11.22,0,2015
"JP5399","fortis small",11.91,9.95,9.1,0,2015
"JP5400","scandens",13.7,8.28,7.87,0,2015
"JP5401","fortis large",14.34,13.02,11.52,0,2015
"JP5402","fortis small",10.97,10.64,9.99,0,2015
"JP5403","fortis small",10.84,10.26,9.71,0,2015
"JP5411","scandens",14.57,8.935,8.28,2,2015
"JP5412","fortis small",12,11.05,10.39,0,2015
"JP5414","fortis small",10.62,9.11,9.2,0,2015
"JP5417","fortis large",12.79,12.64,11.14,0,2015
"JP5418","fortis large",13.29,13.3,11.46,0,2015
"JP5420","fortis large",14.68,14.26,12.5,0,2015
"JP5422","scandens",14.75,9.07,8.97,0,2015
"JP5425","fortis small",11.62,9.94,9.19,0,2015
"JP5443","fortis small",10.8,10.46,9.9,0,2015
"JP5445","fortis large",13.76,12.85,11.91,0,2015
"JP5446","fortis large",13.6,13.68,11.71,0,2015
"JP5447","scandens",14.5,8.85,8.49,0,2015
"JP5464","fortis small",11.94,10.2,10.06,0,2015
"JP5465","fortis large",13.15,12.45,11.37,0,2015
"JP5466","fortis small",11.48,10.09,9.7,0,2015
"JP5467","scandens",15.43,8.07,8.3,0,2015
"JP5469","fortis large",13.72,10.9,10,0,2015
"JP5471","fortis large",13.46,12.52,11.43,0,2015
"JP5497","scandens",14.54,8.9,8.23,0,2015
"JP5498","scandens",14.48,8.12,8.06,0,2015
"JP5499","fortis small",11.57,10.43,9.83,0,2015
"JP5500","fortis large",12.87,11.2,10.54,0,2015
"JP5501","fortis small",12.16,11.15,10.23,0,2015
"JP5502","fortis small",11.9,10.72,9.88,0,2015
"JP5503","scandens",14.02,7.78,8.12,0,2015
"JP5505","fortis small",11.99,11.21,10.64,0,2015
"JP5553","fortis small",11.955,10.63,8.27,0,2017
"JP5554","fortis small",11.795,10.5675,9.585,2,2017
"JP5555","fortis large",12.62,12.87,11.025,0,2017
"JP5556","fortis small",11.01,10.17,9.25,0,2017
"JP5557","fortis small",11.665,10.255,10.085,0,2017
"JP5558","fortis small",12.16,11.24,10.28,0,2017
"JP5559","scandens",14.65,8.90666666666667,8.54666666666667,2,2017
"JP5560","scandens",13.45,8.08,7.82,0,2017
"JP5561","scandens",15.1,8.105,8.335,0,2017
"JP5562","fortis large",13.2,12.33,11.66,0,2017
"JP5563","fortis large",13.04,12.53,10.92,0,2017
"JP5564","fortis large",13.9828571428571,13.9114285714286,12.4985714285714,2,2017
"JP5573","fortis small",11.29,9.88,9.09,0,2017
"JP5574","fortis small",11.725,10.63,10.155,0,2017
"JP5575","scandens",14.705,8,8.48,0,2017
"JP5577","fortis small",10.81,9.34,8.6,0,2017
"JP5578","scandens",15.6,8.72,8.44,0,2017
"JP5584","fortis small",11.9,10.89,10.17,0,2017
"JP5585","fortis large",12.415,12.595,10.775,0,2017
"JP5586","fortis large",13.61,12.35,11.46,0,2017
"JP5588","fortis small",11.63,10,10.11,0,2017
"JP5589","fortis small",10.63,10.08,9.34,0,2017
"JP559","fuliginosa",8.31,6.54,6.54,0,2011
"JP5590","fortis small",11.08,9.75,9.53,0,2017
"JP5591","scandens",13.48,8.38,8.35,0,2017
"JP5592","fortis small",11.91,10.62,9.36,0,2017
"JP5593","fortis small",11.93,10.58,9.84,0,2017
"JP5594","fortis small",12.25,11.31,10.54,0,2017
"JP5595","fortis small",10.75,9.88,9.06,0,2017
"JP5596","fortis small",10.76,10,8.825,2,2017
"JP5597","fortis small",11.165,10.465,9.165,0,2017
"JP5598","scandens",15.6166666666667,8.94333333333333,8.49666666666667,3,2017
"JP560","fuliginosa",8.97,7.42,6.81,0,2011
"JP561","fuliginosa",8.71,6.87,7.06,0,2011
"JP562","fuliginosa",8.49,6.97,6.65,0,2011
"JP5632","scandens",15.89,9.79,8.97,0,2017
"JP5633","fortis large",12.86,11.41,10.27,0,2017
"JP5635","scandens",14.48,9,9.05,0,2017
"JP5637","fortis large",13.36,13.37,12.3,0,2017
"JP5639","fortis large",12.05,11.6,10.34,1,2017
"JP564","fuliginosa",7.61,6.64,6.46,0,2011
"JP5640","fortis small",12.33,11.24,9.9,0,2017
"JP5641","fortis small",11.1,9.58,9.17,0,2017
"JP5642","fortis small",10.13,9.74,8.81,0,2017
"JP5643","fortis small",11.69,10.8,9.91,0,2017
"JP5644","fortis large",13.2,12.21,11.59,0,2017
"JP5645","fortis large",14.29,13.24,12.27,0,2017
"JP5646","fortis small",11.81,9.88,9.07,0,2017
"JP5647","fortis small",11.51,9.38,8.97,0,2017
"JP5648","fortis small",12.02,10.9,9.77,0,2017
"JP5649","fortis small",11.03,8.61,8.56,0,2017
"JP5650","fortis large",14.51,14.64,13.64,0,2017
"JP5651","fortis small",11.8,10.57,9.22,0,2017
"JP5652","scandens",13.34,8.56,8.19,0,2017
"JP5653","fortis small",12.04,10.69,9.65,0,2017
"JP5654","fortis small",11.47,11.08,9.49,0,2017
"JP5655","fortis small",10.87,9.92,8.92,0,2017
"JP5656","fortis large",13.33,13.12,11.02,0,2017
"JP5657","fortis large",13.44,13.96,11.96,0,2017
"JP5658","fortis large",12.78,11.83,10.8,0,2017
"JP5659","fortis large",13.15,13.46,12.06,0,2017
"JP5661","fortis small",13.22,10.53,9.71,0,2017
"JP5662","fortis small",11.37,10.65,9.42,0,2017
"JP5663","scandens",13.77,8.32,7.97,0,2017
"JP5664","scandens",13.47,8.07,7.64,0,2017
"JP5665","fortis small",12.08,11.07,9.54,0,2017
"JP5666","fortis small",11.63,10.58,9.04,0,2017
"JP5667","fortis small",11.22,10.65,9.21,0,2017
"JP567","fuliginosa",8.78,6.59,6.552211647,0,2012
"JP568","fuliginosa",8.24,6.7,6.639320719,0,2012
"JP569","fuliginosa",8.66,6.97,6.853133895,0,2012
"JP570","fuliginosa",8.68,7.02,6.892728928,0,2012
"JP571","fuliginosa",9.59,6.9,6.797700849,0,2012
"JP572","fuliginosa",8.67,7.04,6.908566941,0,2012
"JP573","fuliginosa",8.53,6.35,6.36215549,0,2012
"JP574","fuliginosa",8.175,6.72,6.658794268,1,2012
"JP5741","fortis small",11.58,10.01,9.1,0,2017
"JP5742","fortis large",12.555,13.015,10.455,2,2017
"JP5743","scandens",14.47,8.92,8.63,0,2017
"JP5744","fortis large",13.47,13.35,11.65,3,2017
"JP5745","fortis small",11.24,10.42,9.68,0,2017
"JP5746","fortis small",10.98,10.97,9.56,0,2017
"JP5747","scandens",15.0433333333333,8.40666666666667,8.48333333333333,2,2017
"JP5748","fortis small",11.7,11.1,9.85,0,2017
"JP5749","fortis small",11.11,10.46,9.32,0,2017
"JP575","fuliginosa",8.6,6.82,6.734348797,0,2012
"JP5750","fortis small",11.84,9.93,8.99,0,2017
"JP5751","fortis small",11.14,10.1,9.12,0,2017
"JP576","fuliginosa",9.39,6.75,6.678915751,0,2012
"JP5777","fortis small",11.59,9.94,9.11,0,2017
"JP578","fuliginosa",8.2,6.65,6.599725686,0,2012
"JP5781","scandens",15.2,8.27,7.84,0,2017
"JP5782","fortis large",12.92,12.22,10.68,0,2017
"JP5783","fortis small",12.05,10.39,9.37,0,2017
"JP5785","fortis small",12.63,11.65,9.77,0,2017
"JP5786","fortis small",12.57,11.67,9.96,0,2017
"JP5787","fortis small",12.11,10.65,9.52,0,2017
"JP5788","fortis small",9.67,8.26,7.62,0,2017
"JP5789","fortis small",11.26,9.89,8.98,0,2017
"JP579","fuliginosa",8.82,7.33,7.13821813,0,2012
"JP5791","fortis small",12.64,10.73,9.66,0,2017
"JP5792","fortis small",12.76,11.34,9.54,0,2017
"JP580","fuliginosa",8.36,6.75,6.678915751,0,2012
"JP5809","fortis large",12.73,12.4,10.74,0,2017
"JP581","fuliginosa",9.01,6.66,6.607644693,0,2012
"JP5810","fortis large",14.87,14.36,11.6,0,2017
"JP5811","fortis large",12.47,11.99,10.33,0,2017
"JP5812","fortis small",12.1,10.71,9.09,0,2017
"JP5813","fortis small",11.7925,10.6925,9.83,3,2017
"JP5814","fortis large",13.88,13,11.06,0,2017
"JP5816","scandens",14.18,8.18,7.97,0,2017
"JP5817","scandens",14.37,8.46,7.68,0,2017
"JP5818","scandens",13.965,8.705,8.46,2,2017
"JP582","fuliginosa",8.25,6.36,6.370074497,0,2012
"JP5821","fortis small",10.32,9.42,8.46,0,2017
"JP5822","fortis large",12.765,13.71,12.04,0,2017
"JP5825","fortis small",11.52,10.95,9.6,0,2017
"JP5826","fortis small",11.94,11.2,9.77,0,2017
"JP5827","scandens",14.06,8.77,8.15,0,2017
"JP5828","fortis large",13.43,13.52,12.19,0,2017
"JP583","fuliginosa",8.0125,6.685,6.66543763075,1,2012
"JP5830","scandens",15.11,9.61,8.36,0,2017
"JP5831","fortis small",11.7,10.19,8.7,0,2017
"JP5832","fortis small",11.67,11.5,9.81,0,2017
"JP5833","fortis small",11.7,10.93,9.28,0,2017
"JP5834","fortis large",12.58,12.75,11.35,0,2017
"JP5835","fortis small",11.54,9.96,9.09,0,2017
"JP5836","scandens",14.1,8.3,7.91,0,2017
"JP584","fuliginosa",8.79,6.88,6.781862836,0,2012
"JP588","fuliginosa",8.665,7.02,6.853214895,1,2012
"JP589","fuliginosa",8.09,6.73,6.663077738,0,2012
"JP590","fuliginosa",9.12,7.45,7.233246208,0,2012
"JP592","fuliginosa",8.96,6.96,6.845214888,0,2012
"JP593","fuliginosa",8.01,6.51,6.488859595,0,2012
"JP595","fuliginosa",8.31,6.61,6.56804966,0,2012
"JP596","fuliginosa",8.78,6.9,6.797700849,0,2012
"JP597","fuliginosa",9.21,7.18,7.019433032,0,2012
"JP598","fuliginosa",8.26,6.82,6.734348797,0,2012
"JP599","fuliginosa",9.1,7.14,6.987757006,0,2012
"JP602","fuliginosa",8.81,7.44,7.093068568,2,2012
"JP603","fuliginosa",8.37,6.83,6.742267804,0,2012
"JP604","fuliginosa",7.54,6.43,6.425507542,0,2012
"JP605","fuliginosa",8.48,7.2,7.035271045,0,2012
"JP614","fuliginosa",9.25,7.16,7.003595019,0,2012
"JP615","fuliginosa",8.25,6.74,6.670996745,0,2012
"JP616","fuliginosa",8.26,6.82,6.734348797,0,2012
"JP617","fuliginosa",9.48,7.36,7.161975149,0,2012
"JP618","fuliginosa",9.43,7.29,7.106542104,0,2012
"JP619","fuliginosa",9.05,7.18,7.019433032,0,2012
"JP620","fuliginosa",8.99,6.98,6.861052901,0,2012
"JP621","fuliginosa",8.77,6.38,6.38591251,0,2012
"JP623","fuliginosa",7.93,6.46,6.449264562,0,2012
"JP624","fuliginosa",8.9,7.06,6.924404954,0,2012
"JP625","fuliginosa",8.05,6.89,6.789781843,0,2012
"JP626","fuliginosa",8.54,6.85,6.758105817,0,2012
"JP627","fuliginosa",8.66,6.75,6.678915751,0,2012
"JP628","fuliginosa",8.53,6.54,6.512616614,0,2012
"JP629","fuliginosa",8.54,6.73,6.663077738,0,2012
"JP630","fuliginosa",7.92,7.03,7.02,0,2012
"JP631","fuliginosa",8.19,7.36,7.245,1,2012
"JP632","fuliginosa",8.53,7.3,7.23,0,2012
"JP633","fuliginosa",8.11,7.35,7.35,0,2012
"JP634","fuliginosa",7.34,7.15,6.54,0,2012
"JP635","fuliginosa",8.18,6.9,6.797700849,0,2012
"JP636","fuliginosa",8.23,7.5,7.63,0,2012
"JP638","fuliginosa",7.58,6.66,6.78,0,2012
"JP640","fuliginosa",7.52,6.94,7.9,0,2012
"JP641","fuliginosa",8.18,6.82,6.785,1,2012
"JP642","fuliginosa",8.07,7.16,7.45,0,2012
"JP643","fuliginosa",9.11,7.89,7.5,0,2012
"JP644","fuliginosa",7.76,6.87,6.48,0,2012
"JP645","fuliginosa",8.02,7.33,7.37,0,2012
"JP667","fuliginosa",7.85,7.21,7.48,0,2012
"JP668","fuliginosa",7.81,7.13,7.42,0,2012
"JP671","fuliginosa",8.08,6.99,7.52,0,2012
"JP672","fuliginosa",7.99,7.31,7.62,0,2012
"JP673","fuliginosa",8.76,7.94,7.42,0,2012
"JP674","fuliginosa",7.43,6.8,6.87,0,2012
"JP675","fuliginosa",8.2,7.41,7.57,0,2012
"JP677","fuliginosa",8.14,7.08,7.05,0,2012
"JP678","fuliginosa",7.86,7.63,7.64,0,2012
"JP679","fuliginosa",9.37,7.72,7.27,0,2012
"JP680","fuliginosa",8.76,6.74,6.71,0,2012
"JP681","fuliginosa",8.56,7.04,6.7,0,2012
"JP682","fuliginosa",9.07,7.33,7.37,0,2012
"JP683","fuliginosa",8.66,7.17,6.94,0,2012
"JP685","fuliginosa",8.02,7.29,6.68,0,2012
"JP686","fuliginosa",8.32,7.23,6.78,0,2012
"JP687","fuliginosa",8.39,7.29,6.93,0,2012
"JP688","fuliginosa",7.89,7.02,6.7,0,2012
"JP689","fuliginosa",8.39,6.99,6.48,0,2012
"JP691","fuliginosa",9.25,7.41,6.81,0,2012
"JP692","fuliginosa",8.175,6.91,6.6675,2,2012
"JP693","fuliginosa",8.63,7.13,6.95,0,2012
"JP713","fuliginosa",7.98,6.89,7.08,0,2012
"JP714","fuliginosa",9.65,7.87,7.76,0,2012
"JP715","fuliginosa",8.48,6.58,6.3,0,2012
"JP716","fuliginosa",8.52,7.39,7.31,0,2012
"JP717","fuliginosa",8.46,7.13,6.99,0,2012
"JP718","fuliginosa",8.54,7.05,7.29,0,2012
"JP719","fuliginosa",8.76,6.7,6.38,0,2012
"JP722","fuliginosa",9.22,7.025,6.98,0,2012
"JP723","fuliginosa",8.08,6.96,6.81,0,2012
"JP725","fuliginosa",8.84,7.42,7.39,0,2012
"JP726","fuliginosa",8.33,7.07,7.24,0,2012
"JP727","fuliginosa",8.43,7.12,6.9,0,2012
"JP728","fuliginosa",8.64,6.98,7.11,0,2012
"JP729","fuliginosa",8.94,6.91,6.89,0,2012
"JP730","fuliginosa",8.97,6.93,6.87,0,2012
"JP731","fuliginosa",8.26666666666667,6.92333333333333,6.69666666666667,2,2012
"JP732","fuliginosa",9.31,7.34,6.8,0,2012
"JP733","fuliginosa",8.82,7.09,6.95,0,2012
"JP734","fuliginosa",8.9,6.91,7.18,0,2012
"JP735","fuliginosa",7.66,6.75,6.71,0,2012
"JP736","fuliginosa",7.8,6.72,6.86,0,2012
"JP737","fuliginosa",8.02,7.22,7,0,2012
"JP738","fuliginosa",8.74,7.43,7.39,0,2012
"JP756","fuliginosa",8.84,7.04,6.84333333333333,1,2013
"JP761","fuliginosa",7.8,6.86,6.91,0,2013
"JP764","fuliginosa",8.14,6.68,6.87,0,2013
"JP765","fuliginosa",8.675,6.725,6.905,1,2013
"JP768","fuliginosa",8.77,7.09,7.03,0,2013
"JP769","fuliginosa",8.425,6.47,6.765,1,2013
"JP770","fuliginosa",8.69,6.87,6.8,0,2013
"JP771","fuliginosa",9.25,6.99,6.69,0,2013
"JP772","fuliginosa",9.68,7.52,7.29,0,2013
"JP774","fuliginosa",9.08,7.15,6.94,0,2013
"JP775","fuliginosa",9.03,7.46,7.19,0,2013
"JP776","fuliginosa",7.885,6.71,6.415,1,2013
"JP777","fuliginosa",8.21,7.24,6.97,0,2013
"JP779","fuliginosa",9.25,6.89,6.69,0,2013
"JP781","fuliginosa",8.25,6.56,6.14,0,2013
"JP789","fuliginosa",9.88,7.11,6.96,0,2013
"JP790","fuliginosa",8.51,6.92,6.77,0,2013
"JP791","fuliginosa",8.47,7.17,6.92,0,2013
"JP792","fuliginosa",8.84,6.74,6.78,0,2013
"JP793","fuliginosa",8.07,6.69,6.53,0,2013
"JP794","fuliginosa",9.15,7.21,7.42,0,2013
"JP796","fuliginosa",7.85,7.28,6.84,0,2013
"JP797","fuliginosa",9.66,7.65,7.45,0,2013
"JP798","fuliginosa",7.99,6.33,6.57,0,2013
"JP799","fuliginosa",8.46,6.82,6.82,0,2013
"JP804","fuliginosa",8.69,6.79,6.94,0,2013
"JP809","fuliginosa",8.42,6.84,7.1,0,2013
"JP813","fuliginosa",8.53,6.82,6.76,0,2013
"JP815","fuliginosa",8.2,6.99,7.1,0,2013
"JP816","fuliginosa",8.16,7.25,6.8,0,2013
"JP817","fuliginosa",8.64,7.23,7.09,0,2013
"JP821","fuliginosa",8.91,6.88,7.06,0,2013
"JP822","fuliginosa",9.53,7.09,7.16,0,2013
"JP823","fuliginosa",8.5,7.15,6.77,0,2013
"JP824","fuliginosa",9.03,6.85,6.58,0,2013
"JP825","fuliginosa",8.23,6.82,6.7,0,2013
"JP826","fuliginosa",8.87,7.05,6.57,0,2013
"JP828","fuliginosa",9.09,7.23,7.3,0,2013
"JP829","fuliginosa",8.33,6.93,7.14,0,2013
"JP830","fuliginosa",8.38,7.11,6.82,0,2013
"JP831","fuliginosa",8.68,6.68,6.5,0,2013
"JP832","fuliginosa",9.305,6.83,6.475,1,2013
"JP834","fuliginosa",8.82,6.91,6.61,0,2013
"JP835","fuliginosa",8.99,7.1,6.73,0,2013
"JP836","fuliginosa",7.72,6.61,6.56,0,2013
"JP837","fuliginosa",8.14,6.71,6.59,0,2013
"JP838","fuliginosa",8.98,7.27,7.38,0,2013
"JP839","fuliginosa",8.28,6.33,6.26,0,2013
"JP844","fuliginosa",8.28,6.59,7.02,0,2013
"JP845","fuliginosa",9.02,6.87,6.66,0,2013
"JP846","fuliginosa",8.3,7,7.09,0,2013
"JP847","fuliginosa",8.64,7,6.99,0,2013
"JP848","fuliginosa",8.02,7.16,6.8,0,2013
"JP849","fuliginosa",8.1,7.145,6.72,1,2013
"JP850","fuliginosa",7.72,6.45,6.72,0,2013
"JP851","fuliginosa",8.26666666666667,7.17333333333333,6.89,4,2013
"JP852","fuliginosa",9.01,6.93,7.06,0,2013
"JP853","fuliginosa",8.205,6.71,6.475,1,2013
"JP854","fuliginosa",8.5,6.833,7,0,2013
"JP855","fuliginosa",8.72,6.61,6.48,0,2013
"JP856","fuliginosa",8.35,7.02,7.11,0,2013
"JP861","fuliginosa",8.61,6.96,6.74,0,2013
"JP862","fuliginosa",7.67,6.26,6.43,0,2013
"JP863","fuliginosa",8.34,6.88,7.08,0,2013
"JP864","fuliginosa",8.41,6.89,6.65,0,2013
"JP865","fuliginosa",8.11,6.93,6.64,0,2013
"JP866","fuliginosa",8.76,7.16,7.03,0,2013
"JP867","fuliginosa",8.46,7.01,6.44,0,2013
"JP868","fuliginosa",8.24,6.53,6.68,0,2013
"JP869","fuliginosa",8.69,6.58,6.33,0,2013
"JP870","fuliginosa",8.64,7.18,6.93,0,2013
"JP871","fuliginosa",8.43,6.85,6.76,0,2013
"JP885","fuliginosa",8.19,6.89,6.21,0,2013
"JP886","fuliginosa",7.86333333333333,7.87666666666667,6.94333333333333,0,2013
"JP887","fuliginosa",9.38,7.34,6.99,5,2013
"JP888","fuliginosa",7.85,6.63,6.86,0,2013
"JP889","fuliginosa",8.2,6.6,6.94,0,2013
"JP890","fuliginosa",8.26,7.15,7.13,0,2013
"JP892","fuliginosa",8.56,6.96,6.67,0,2013
"JP895","fuliginosa",8.29,6.69,6.88,0,2013
"JP896","fuliginosa",8.16,6.82,6.74,0,2013
"JP897","fuliginosa",8.06,6.59,6.79,0,2013
"JP898","fuliginosa",8.89,6.85,6.7,0,2013
"JP899","fuliginosa",8.37,6.92,7.15,0,2013
"JP900","fuliginosa",9,7.08,7.07,0,2013
"JP9000","fuliginosa",8.54333333333333,7.41,6.68,7,2013
"JP9004","fuliginosa",8.55,6.57,6.38,0,2013
"JP9006","fuliginosa",8.99,6.77,6.4,0,2013
"JP9008","fuliginosa",8.69,6.85,6.6,0,2013
"JP9009","fuliginosa",8.8,7.14,6.59,0,2013
"JP901","fuliginosa",8.28,6.56,6.44,0,2013
"JP9010","fuliginosa",8.56,6.5,6.2,0,2013
"JP9011","fuliginosa",8.63,6.96,6.66,0,2013
"JP9012","fuliginosa",8.68,7.09,6.61,0,2013
"JP9014","fuliginosa",8.77,6.89,6.8,0,2013
"JP902","fuliginosa",8.28,7.01,7.02,0,2013
"JP9022","fuliginosa",9.36,6.77,6.79,0,2013
"JP9029","fuliginosa",8.81,6.79,7.38,0,2014
"JP903","fuliginosa",8.93,7.73,7.01,0,2013
"JP9032","fuliginosa",8.41,6.81,6.45,0,2013
"JP9035","fuliginosa",8.72,6.82,7.03,0,2014
"JP904","fuliginosa",8.29,7.02,6.78,0,2013
"JP9043","fuliginosa",8.51,7.31,6.95,0,2014
"JP9046","fuliginosa",8.7,7.12,7.3,0,2014
"JP9047","fortis small",9.35,8.79,8.24,0,2014
"JP9048","fuliginosa",8.72,7.39,7.37,0,2014
"JP9049","fuliginosa",8.23,6.68,6.7,0,2014
"JP905","fuliginosa",8.46,7.2,6.47,0,2013
"JP9053","fuliginosa",8.18666666666667,7.37333333333333,6.95,5,2014
"JP9054","fuliginosa",8.655,6.845,6.525,5,2014
"JP9055","fuliginosa",8.505,7.38,7.075,1,2014
"JP9056","fuliginosa",8.45,7.26,7.11,0,2014
"JP9057","fuliginosa",9.57,7.73,7.27,0,2014
"JP9059","fuliginosa",9.245,7.37,7.565,5,2014
"JP906","fuliginosa",8.48,7.19,6.84,0,2013
"JP9060","fuliginosa",8.14,7.02,6.74,0,2014
"JP9064","fuliginosa",8.88,7.14,7.09,0,2014
"JP9068","fuliginosa",8.15,6.65,6.69,0,2014
"JP907","fuliginosa",8.43,6.915,6.84,4,2013
"JP9071","fuliginosa",8.52,7.05,6.54,0,2014
"JP9077","fuliginosa",8.57,6.73,6.28,0,2014
"JP9079","fuliginosa",8.86,6.83,6.86,0,2014
"JP908","fuliginosa",8.24,6.74,6.46,0,2013
"JP9080","fuliginosa",8.86,7.09,6.96,0,2014
"JP9081","fuliginosa",7.87,6.81,6.79,0,2014
"JP9083","fuliginosa",8.32,6.47,6.16,0,2014
"JP9084","fuliginosa",7.97,7.32,6.93,0,2014
"JP9085","fuliginosa",8.3,6.94,7,0,2014
"JP9087","fuliginosa",8.67666666666667,7.09666666666667,7.01333333333333,0,2014
"JP9088","fuliginosa",8.48,6.99,6.81,0,2014
"JP909","fuliginosa",8.79,6.77,6.75,0,2013
"JP9091","fuliginosa",8.04,6.73,6.68,0,2014
"JP9098","fuliginosa",8.68,7.38,7.2,0,2014
"JP910","fuliginosa",8.86,7.37,7.36,0,2013
"JP9100","fuliginosa",9.01,7.37,7.25,0,2014
"JP9104","fuliginosa",7.97,6.74,6.75,0,2014
"JP9105","fuliginosa",7.39,7.23,7.52,0,2014
"JP9106","fuliginosa",7.77,6.73,6.64,0,2014
"JP9108","fuliginosa",8.72,7.14,7.085,1,2014
"JP9110","fuliginosa",7.76,7.165,7.34,3,2014
"JP9112","fuliginosa",7.71,7.56,7.46,0,2014
"JP9113","fuliginosa",7.955,6.995,6.7,0,2014
"JP9116","fuliginosa",8.365,6.95,6.94,0,2014
"JP9117","fuliginosa",8.55,7.265,6.375,0,2014
"JP9118","fuliginosa",7.945,7.235,6.935,0,2014
"JP912","fuliginosa",8.77,6.71,6.29,0,2013
"JP9120","fuliginosa",8.135,6.955,6.77,0,2014
"JP9126","fuliginosa",7.92,6.45,6.39,0,2014
"JP9127","fuliginosa",8.4,6.94,6.71,0,2014
"JP9129","fuliginosa",8.53,7.55,6.8,0,2014
"JP913","fuliginosa",8.14,6.94,6.77,0,2013
"JP9130","fuliginosa",8.1,6.77,6.31,0,2014
"JP9131","fuliginosa",8.39,6.95,6.85,0,2014
"JP9134","fuliginosa",7.59,6.6,6.605,0,2014
"JP9179","fuliginosa",8.12,6.99,6.67,0,2014
"JP918","fuliginosa",8.65,7,7,0,2013
"JP9180","fuliginosa",9.43,7.22,6.79,0,2014
"JP9182","fuliginosa",9.02,7.3,6.83,0,2014
"JP9183","fuliginosa",7.96,7.03,6.57,0,2014
"JP9189","fuliginosa",7.84,7.15,6.74,0,2014
"JP919","fuliginosa",7.8,6.32,6.07,0,2013
"JP9190","fuliginosa",8.09,6.74,6.58,0,2014
"JP9191","fuliginosa",9.14,7.96,7.215,6,2014
"JP9195","fuliginosa",8,6.61,6.12,0,2014
"JP9196","fuliginosa",7.82,6.22,6.04,0,2014
"JP9197","fuliginosa",8.3,6.84,6.36,0,2014
"JP9198","fuliginosa",8.21,7.02,6.62,0,2014
"JP9199","fuliginosa",8.12,7.05,6.74,0,2014
"JP920","fuliginosa",9.39,7.5,6.79,0,2013
"JP921","fuliginosa",7.52,6.81,6.49,0,2013
"JP922","fuliginosa",8.3,6.99,6.85,0,2013
"JP923","fuliginosa",8.99,7.01,6.91,0,2013
"JP9236","fuliginosa",8.21,6.83,6.9,0,2014
"JP924","fuliginosa",8.11,7.02,6.82,0,2013
"JP925","fuliginosa",7.82,6.65,6.4,0,2013
"JP926","fuliginosa",8.81,6.64,6.15,0,2013
"JP927","fuliginosa",8.43,6.84,6.78,0,2013
"JP928","fuliginosa",8.87,7.26,7.16,0,2013
"JP929","fuliginosa",8.28,6.93,6.94,0,2013
"JP930","fuliginosa",9.21,7.16,7.35,0,2013
"JP931","fuliginosa",8.09,6.44,6.39,0,2013
"JP937","fuliginosa",8.28,6.56,6.34,0,2013
"JP938","fuliginosa",8.41,6.86,6.54,0,2013
"JP939","fuliginosa",8.89,6.85,6.96,0,2013
"JP940","fuliginosa",9.15,7.37,7.14,0,2013
"JP941","fuliginosa",8.63,6.69,6.42,0,2013
"JP942","fuliginosa",8.56,6.58,6.37,0,2013
"JP943","fuliginosa",8.48,7.71,7.08,0,2013
"JP944","fuliginosa",9.14,7.32,7.28,0,2013
"JP9441","fuliginosa",8.42,7.18,7.03,0,2015
"JP9442","fuliginosa",9.21,7.275,7.31,0,2015
"JP9449","fuliginosa",7.82,7,6.46,0,2015
"JP945","fuliginosa",8.32,6.92,6.74,0,2013
"JP9450","fuliginosa",9.68,7.64,7.06,0,2015
"JP946","fuliginosa",8.17,6.56,6.34,0,2013
"JP9460","fuliginosa",8.33,6.87,6.85,0,2015
"JP9461","fuliginosa",7.67,6.6,6.26,0,2015
"JP9462","fuliginosa",8.08,7.04,6.49,0,2015
"JP9463","fuliginosa",9.59,8.49,7.9,0,2015
"JP9464","fuliginosa",8.6,6.86,6.57,0,2015
"JP9465","fuliginosa",9.12,7.16,6.88,0,2015
"JP9467","fuliginosa",8.47,7.18,7.15,0,2015
"JP947","fuliginosa",8.28,6.88,6.46,0,2013
"JP9477","fuliginosa",8.55,7.02,7,0,2015
"JP9478","fuliginosa",8.67,7.33,6.97,0,2015
"JP9479","fuliginosa",9.24,7.32,6.99,0,2015
"JP948","fuliginosa",8.83,6.8,6.33,0,2013
"JP9480","fuliginosa",8.3,7.37,7.16,0,2015
"JP9494","fuliginosa",9.15,7.08,6.55,0,2015
"JP9495","fuliginosa",8.51,7.13,6.82,0,2015
"JP9498","fuliginosa",8.84,6.96,6.65,0,2015
"JP9499","fuliginosa",9.22,7.47,7.45,0,2015
"JP952","fuliginosa",7.64,6.44,6.13,0,2013
"JP954","fuliginosa",8.1,6.77,6.56,0,2013
"JP955","fuliginosa",8.51,6.73,7.13,0,2013
"JP956","fuliginosa",7.91,6.59,6.11,0,2013
"JP957","fuliginosa",9.04,7.12,6.69,0,2013
"JP958","fuliginosa",8.69,7.18,6.87,0,2013
"JP959","fuliginosa",7.92,7.01,6.31,0,2013
"JP960","fuliginosa",8.62,7.25,6.88,0,2013
"JP9601","fuliginosa",9.45,6.68,6.66,0,2017
"JP9602","fuliginosa",9.2,7.82,7.6,0,2017
"JP9603","fuliginosa",8.31,7.18,6.84,0,2017
"JP9604","fuliginosa",9.78,7.25,7.07,0,2017
"JP9605","fuliginosa",8.58,7.54,7.53,0,2017
"JP9606","fuliginosa",8.61,6.71,6.73,0,2017
"JP9607","fuliginosa",8.18,7.15,6.69,0,2017
"JP9608","fuliginosa",7.8,7.18,6.76,0,2017
"JP961","fuliginosa",8.36,6.59,6.43,0,2013
"JP9610","fuliginosa",8.15,6.56,6.49,0,2017
"JP9611","fuliginosa",9.38,7.51,7.31,0,2017
"JP9612","fuliginosa",7.86,7.53,7.29,0,2017
"JP9615","fuliginosa",8.56,7.015,6.9,2,2017
"JP9616","fortis small",11.415,10.055,8.94,2,2017
"JP9617","fuliginosa",8.22,7.74,7.45,0,2017
"JP9619","fuliginosa",8.55,7.18,6.4,0,2017
"JP962","fuliginosa",8.24,6.57,6.48,0,2013
"JP9620","fuliginosa",8.45,7.44,7.48,0,2017
"JP9621","fuliginosa",8.27,6.92,6.78,0,2017
"JP9623","fuliginosa",8.95,7.64,7.03,0,2017
"JP9624","fuliginosa",8.59,6.98,6.7,0,2017
"JP9625","fuliginosa",8.51,7.11,6.7,0,2017
"JP9626","fuliginosa",8.39,6.8,6.72,0,2017
"JP9627","fuliginosa",8.38,6.81,6.63,0,2017
"JP9628","fuliginosa",9.03,7.1,7.16,0,2017
"JP9629","fuliginosa",9.21,7.82,7.09,0,2017
"JP963","fuliginosa",8.89,6.69,6.33,0,2013
"JP9630","fuliginosa",8.31,6.67,6.78,0,2017
"JP9631","fuliginosa",7.91,7.68,6.63,0,2017
"JP9632","fuliginosa",8.31,7.19,7.19,0,2017
"JP9633","fuliginosa",7.99,6.93,6.64,0,2017
"JP964","fuliginosa",8.85,6.98,6.97,0,2013
"JP9648","fuliginosa",8.25,6.34,6.09,0,2017
"JP9649","fuliginosa",9.04,6.86,6.61,0,2017
"JP965","fuliginosa",8.37,6.98,6.56,0,2013
"JP9650","fuliginosa",8.62,7.48,7.15,0,2017
"JP9651","fuliginosa",8.75,6.82,6.57,0,2017
"JP9652","fuliginosa",8.18,6.88,6.69,0,2017
"JP9653","fuliginosa",7.5,6.83,6.44,0,2017
"JP966","fuliginosa",8.69,6.82,6.76,0,2013
"JP9660","fuliginosa",9.01,7.06,6.75,0,2017
"JP9661","fuliginosa",8.71,7.4,7.14,0,2017
"JP9664","fuliginosa",7.91,7.21,6.72,0,2017
"JP9667","fuliginosa",8.74,6.9,6.5,0,2017
"JP9668","fuliginosa",9.19,7.53,7.21,0,2017
"JP9669","fuliginosa",9.09,6.92,6.63,0,2017
"JP967","fuliginosa",9.08,7.24,6.79,0,2013
"JP9670","fuliginosa",8.65,7.19,6.79,0,2017
"JP9671","fuliginosa",8.01,6.69,6.87,0,2017
"JP968","fuliginosa",8.45,6.6,6.72,0,2013
"JP970","fuliginosa",9.1,6.61,6.51,0,2013
"JP971","fuliginosa",8.87,6.71,6.52,0,2013
"JP9715","fuliginosa",8.2,7.15,6.86,0,2017
"JP9716","fuliginosa",9.05,7.64,7.11,0,2017
"JP9717","fuliginosa",9.55,7.43,6.69,0,2017
"JP9718","fuliginosa",8.71,7.32,7.27,0,2017
"JP9719","fuliginosa",8.96,7.74,6.99,0,2017
"JP9721","fuliginosa",8.39,6.97,6.68,0,2017
"JP9722","fuliginosa",9.36,7.33,7.29,0,2017
"JP9723","fuliginosa",8.585,6.93,6.33,0,2017
"JP9725","fuliginosa",8.74,7.27,7.36,0,2017
"JP9726","fuliginosa",7.88,7.2,7.03,0,2017
"JP9727","fuliginosa",8.24,7.43,6.81,0,2017
"JP9728","fuliginosa",8.83,7.6,7.2,0,2017
"JP973","fuliginosa",8.37,7.22,7.06,0,2013
"JP9730","fuliginosa",8.69,7.135,7.235,3,2017
"JP9732","fuliginosa",8.56,6.98,6.54,0,2017
"JP974","fuliginosa",8.76,7.02,6.9,0,2013
"JP975","fuliginosa",8.55,7.26,6.61,0,2013
"JP976","fuliginosa",8.49,6.73,6.46,0,2013
"JP977","fuliginosa",8.45,7.09,6.52,0,2013
"JP980","fuliginosa",8.36,7.1,6.86,0,2013
"JP981","fuliginosa",8.55,6.72,6.77,0,2013
"JP983","fuliginosa",8.37,6.71,6.57,0,2013
"JP987","fuliginosa",8.46,7.28,6.93,0,2013
"JP988","fuliginosa",8.88,6.94,6.73,0,2013
"JP989","fuliginosa",7.95,6.82,6.36,0,2013
"JP990","fuliginosa",7.81,6.35,6.17,0,2013
"JP991","fuliginosa",8.55,6.39,6.34,0,2013
"JP992","fuliginosa",8.8,7.09,6.87,0,2013
"JP993","fuliginosa",7.96,6.3,6.53,0,2013
"JP994","fuliginosa",8.75,6.69,6.37,0,2013
"JP995","fuliginosa",8.385,7.335,6.77,6,2013
"JP996","fuliginosa",8.57,7.03,6.81,0,2013
"JP998","fuliginosa",8.8,6.78,6.74,0,2013
"KGSK001","fuliginosa",8.55,7.4,7.1,0,2016
"KGSK002","fuliginosa",8.25,7.3,6.2,0,2016
"KGSK003","fuliginosa",7.95,6.9,6.3,0,2016
"KGSK004","fuliginosa",8.2,7.3,6.9,0,2016
"KGSK005","fuliginosa",9.1,7.4,7,0,2016
"KGSK006","fuliginosa",9.3,6.9,6.6,0,2016
"KGSK007","fuliginosa",9.1,6.5,6.8,0,2016
"KGSK008","fuliginosa",8.5,7.7,7.7,0,2016
"KGSK009","fuliginosa",8.2,6.9,6.6,0,2016
"KGSK010","fuliginosa",8,7.5,6.8,0,2016
"KGSK011","fuliginosa",8.6,6.6,6.3,0,2016
"KGSK012","fuliginosa",9.3,7.7,6.9,0,2016
"KGSK013","fuliginosa",7.8,6.8,6.5,0,2016
"KGSK014","fuliginosa",8.45,7.2,6.7,0,2016
"KGSK015","fuliginosa",8.35,6.25,6.5,0,2016
"KGSK016","fuliginosa",8.15,7.2,6.9,0,2016
"KGSK017","fuliginosa",9.1,7.2,6.85,0,2016
"KGSK018","fuliginosa",8.6,6.75,6.1,0,2016
"KGSK019","fuliginosa",7.9,6.7,6.4,0,2016
"KGSK020","fuliginosa",8.265,6.99,6.455,3,2016
"KGSK021","fuliginosa",8.6,6.4,6.5,0,2016
"KGSK022","fuliginosa",8.7,7.7,7.15,0,2016
"KGSK023","fuliginosa",8.05,7.4,6.6,0,2016
"KGSK024","fuliginosa",8.5,6.65,6.4,0,2016
"KGSK025","fuliginosa",8.4,7.2,6.7,0,2016
"KGSK026","fuliginosa",9.5,7.4,6.9,0,2016
"KGSK027","fuliginosa",8.05,7.15,6.75,0,2016
"KGSK028","fuliginosa",8.25,6.7,6.4,0,2016
"KGSK029","fuliginosa",9.2,7.65,7.2,0,2016
"KGSK030","fuliginosa",8.2,6.4,6.3,0,2016
"KGSK031","fuliginosa",7.85,6.9,6.5,0,2016
"KGSK032","fuliginosa",7.2,7.7,6.6,0,2016
"KGSK033","fuliginosa",8.1,7,6.5,0,2016
"KGSK034","fuliginosa",9.5,7.6,6.8,0,2016
"KGSK035","fuliginosa",8.8,7.3,7.4,0,2016
"KGSK036","fuliginosa",8.6,6.6,6.6,0,2016
"KGSK037","fuliginosa",8.8,6.6,5.9,0,2016
"KGSK038","fuliginosa",8.2,6.9,6.7,0,2016
"KGSK039","fuliginosa",8.9,7.2,7.1,0,2016
"KGSK040","fuliginosa",8.5,7.1,7,0,2016
"KGSK041","fuliginosa",8.4,7.2,6.6,0,2016
"KGSK042","fuliginosa",8.05,7.1,6.6,0,2016
"KGSK043","fuliginosa",7.7,7,6.3,0,2016
"KGSK044","fuliginosa",8.7,7.4,6.75,0,2016
"KGSK045","fuliginosa",8.1,7,6.9,0,2016
"KGSK046","fuliginosa",8,6.6,6,0,2016
"KGSK047","fuliginosa",9,6.95,6.3,0,2016
"KGSK048","fuliginosa",9.05,7.5,6.55,0,2016
"KGSK049","fuliginosa",8.1,7,7.1,0,2016
"KGSK050","fuliginosa",7.5,6.65,6.65,0,2016
"KGSK051","fuliginosa",7.5,6.4,6,0,2016
"KGSK052","fuliginosa",7.9,7.4,6.5,0,2016
"KGSK053","fuliginosa",8.48,7.38,7.23,0,2016
"KGSK054","fuliginosa",8.48,7.2,7.48,0,2016
"KGSK055","fuliginosa",8.22,8.38,6.99,0,2016
"KGSK057","fuliginosa",8.33,7.11,7.09,0,2016
"KGSK059","fuliginosa",8.79,6.28,7.22,0,2016
"KGSK060","fuliginosa",8.28,6.55,6.76,0,2016
"KGSK062","fuliginosa",7.93,6.46,6.59,0,2016
"KGSK068","fuliginosa",7.94,7,6.66,0,2016
"KGSK076","fuliginosa",8.55,6.75,6.24,0,2016
"KGSK077","fuliginosa",9.02,7.7,7.08,0,2016
"KGSK078","fuliginosa",8.85,7.49,7.12,0,2016
"KGSK079","fuliginosa",8.8,6.94,6.53,0,2016
"KGSK080","fuliginosa",8.86,7.48,6.32,0,2016
"KGSK088","fuliginosa",8.39,7.43,6.84,0,2016
"KGSK091","fuliginosa",8.53,6.88,6.55,0,2016
"KGSK093","fuliginosa",9.28,7.62,7.02,0,2016
"KGSK094","fuliginosa",8.4,7.49,6.96,0,2016
"KGSK095","fuliginosa",8.63,7.17,6.98,0,2016
"KGSK096","fuliginosa",7.29,6.77,6.91,0,2016
"KGSK2001","fortis small",11.22,11.22,9.525,3,2016
"KGSK2002","fortis small",11,10,9.3,0,2016
"KGSK2003","fortis small",11.35,10,8.9,0,2016
"KGSK2004","fortis small",11.5,10.5,9.35,0,2016
"KGSK2005","fortis small",12.25,10,9.1,0,2016
"KGSK2006","fortis small",10.6,8.9,8.1,0,2016
"KGSK2007","fortis large",14.35,13.3,11.05,0,2016
"KGSK2008","fortis small",10.5,9,8.9,0,2016
"KGSK2009","fortis small",11,10,8.4,0,2016
"KGSK2010","fortis small",11.4,10.2,9.6,0,2016
"KGSK2011","fortis small",10.1,9.5,9.1,0,2016
"KGSK2012","fortis small",10.8,10.3,9,0,2016
"KGSK2013","fortis large",12.6,11.9,10.7,0,2016
"KGSK2014","fortis small",11.6,10.1,9,0,2016
"KGSK2015","fortis small",12.2,11.7,9.8,0,2016
"KGSK2016","fortis large",14.5,12.2,10.2,0,2016
"KGSK2017","fortis small",12.45,10.15,9.3,0,2016
"KGSK2018","fortis large",13.7,13.7,12.4,0,2016
"KGSK2019","fortis large",12.9,13.4,11.9,0,2016
"KGSK2020","fortis small",9.95,10.7,9.7,0,2016
"KGSK2021","fortis small",11.5,10.4,9.8,0,2016
"KGSK2022","fortis small",12.6,11.3,10.1,0,2016
"KGSK2023","fortis small",11.1,9.9,9.1,0,2016
"KGSK2024","fortis small",12.1,10.9,10.4,0,2016
"KGSK2025","fortis small",12.1,10.8,9.2,0,2016
"KGSK2026","fortis large",13,13.5,11.6,0,2016
"KGSK2027","fortis small",12.1,10.6,9.6,0,2016
"KGSK2028","fortis small",11.15,10.35,9.25,0,2016
"KGSK2029","fortis small",12.1,10,9.5,0,2016
"KGSK2030","fortis small",11.1,10.4,9.6,0,2016
"KGSK2031","fortis small",11.1,9.6,8.8,0,2016
"KGSK2032","fortis small",11.2,9.8,9.1,0,2016
"KGSK2033","fortis small",10.19,9.89,8.8,3,2016
"KGSK2034","fortis large",14.05,13.6,12.1,0,2016
"KGSK2035","fortis large",12.6,12.1,10.6,0,2016
"KGSK2036","fortis large",12.2,13.85,11.1,0,2016
"KGSK2038","fortis small",12,10.4,9.3,0,2016
"KGSK2039","fortis small",11.845,10.48,9.225,3,2016
"KGSK2040","fortis small",11,10.2,8.8,0,2016
"KGSK2041","fortis small",11.9,9.5,8.9,0,2016
"KGSK2042","fortis small",12.1,11,10.1,0,2016
"KGSK2043","fortis small",12,10.4,9,0,2016
"KGSK2044","fortis small",11.8,10.7,9.3,0,2016
"KGSK2045","fortis large",13.67,13.24,8.3,0,2016
"KGSK2046","fortis small",11.95,10,9.2,0,2016
"KGSK2047","fortis small",11.64,11.08,11.23,0,2016
"KGSK2048","fortis small",11.1,10,9.15,0,2016
"KGSK2049","fortis small",10.75,10.12,10.09,0,2016
"KGSK2050","fortis small",11.1,9.9,8.8,0,2016
"KGSK2051","fortis small",11.95,10.6,8.9,0,2016
"KGSK2052","fortis small",10.99,9.68,8.97,0,2016
"KGSK2053","fortis small",10.15,9.45,8.3,0,2016
"KGSK2054","fortis large",13,13.19,12.59,0,2016
"KGSK2055","fortis small",11.7,10.7,9.3,0,2016
"KGSK2056","fortis small",11.5,12.05,10.23,0,2016
"KGSK2057","fortis small",10.83,9.61,10.22,0,2016
"KGSK2058","fortis large",11.93,11.9,10.45,0,2016
"KGSK2059","fortis small",9.92,9.43,8.53,0,2016
"KGSK2060","fortis small",10.56,11.14,9.35,0,2016
"KGSK2061","fortis small",12.038,11.108,10.14,4,2016
"KGSK2064","fortis small",11.61,10.43,9.24,0,2016
"KGSK2066","fortis large",12.52,12.62,10.62,0,2016
"KGSK2067","fortis small",12.26,11.14,9.47,0,2016
"KGSK2068","fortis small",12.31,9.43,9.4,0,2016
"KGSK2069","fortis small",11.76,10.76,9.99,0,2016
"KGSK2070","fortis small",10.82,11.08,9.59,0,2016
"KGSK2071","fortis small",10.4,10.52,8.76,0,2016
"KGSK2072","fortis small",11.6,9.96,8.97,0,2016
"KGSK2073","fortis small",11.66,10.92,10.35,0,2016
"KGSK2074","fortis small",11.48,10.05,9.82,0,2016
"KGSK2075","magnirostris",15.51,16.05,14.87,0,2016
"KGSK2079","fortis small",11.75,9.21,8.79,0,2016
"KGSK2080","fortis small",11.43,10.52,9.92,0,2016
"KGSK2081","fortis small",10.84,10.19,9.05,0,2016
"KGSK2082","fortis small",12.52,10.44,10.12,0,2016
"KGSK2084","fortis small",11.81,10.83,9.28,0,2016
"KGSK2085","scandens",13.4,8.71,8.08,0,2016
"KGSK2086","fortis small",11.33,10.01,9.44,0,2016
"KGSK2090","fortis small",11.29,9.68,9.28,0,2016
"KGSK2091","fortis small",11.48,10.93,9.32,0,2016
"KGSK2092","fortis small",12.17,11.04,9.88,0,2016
"KGSK2093","fortis small",11.66,9.72,8.58,0,2016
"KGSK2095","fortis large",12.79,11.86,9.87,0,2016
"KGSK2098","fortis large",14.41,13.79,12.08,0,2016
"KGSK2100","fortis small",12.47,11.13,9.39,0,2016
"KGSK2101","fortis small",11.54,10.14,8.97,0,2016
"KGSK2102","scandens",14.12,10.77,9.42,0,2016
"KGSK2123","fortis small",11.43,11.5,10.42,0,2016
"KGSK2124","fortis small",12.42,10.9,9.78,0,2016
"KGSK2128","fortis small",11.28,9.55,8.99,0,2016
"KGSK2132","fortis small",11.97,11.41,10.76,0,2016
"KGSK2133","fortis small",12.14,10.04,9.25,0,2016
"KGSK2134","fortis large",13.13,11.59,10.49,0,2016
"KGSK2165","fortis large",13.12,13.53,11.49,0,2019
"KGSK2166","fortis large",12.07,11.92,10.83,0,2019
"KGSK2167","fortis small",11.4,11.02,9.48,0,2019
"KGSK2168","fortis large",13.51,12.94,11.36,0,2019
"KGSK2169","fortis large",13.32,12.11,10.49,0,2019
"KGSK2170","fortis large",13.85,12.63,11.45,0,2019
"KGSK2171","fortis large",13.54,11.59,10.12,0,2019
"KGSK2172","fortis large",12.68,11.78,10.91,0,2019
"KGSK2173","fortis small",12.02,10.48,9.13,0,2019
"KGSK2174","fortis small",11.22,9.93,9.29,0,2019
"KGSK2175","fortis small",10.96,10.9,10.4,0,2019
"KGSK2177","fuliginosa",9.15,7.4,6.89,0,2019
"KGSK2178","fortis small",12.465,10.55,9.14,1,2019
"KGSK2179","fuliginosa",8.57,7.21,6.43,0,2019
"KGSK2180","fortis small",11.9533333333333,10.4266666666667,9.59,1,2019
"KGSK2181","fortis large",13.83,12.41,11.06,0,2019
"KGSK2182","fortis small",12.33,10.88,9.76,0,2019
"KGSK2183","fortis large",14.105,14.565,12.09,1,2019
"KGSK2184","fortis large",13.79,12.29,11.55,0,2019
"KGSK2185","fortis small",11.48,9.01,8.21,0,2019
"KGSK2187","fortis small",11.08,9.82,8.82,0,2019
"KGSK2188","fortis large",13.22,12.77,10.78,0,2019
"KGSK2189","fortis large",14.36,13.21,11.35,0,2019
"KGSK2190","fortis small",11.34,10.31,9.16,0,2019
"KGSK2191","fortis large",14.54,12.73,11.73,0,2019
"KGSK2192","fortis large",13.18,11.82,10.58,0,2019
"KGSK2193","scandens",14.49,8.76,7.49,0,2019
"KGSK2194","fortis large",13.27,13.33,10.765,1,2019
"KGSK2195","magnirostris",15.1,14.99,13.02,0,2019
"KGSK2196","fortis small",12.41,10.82,9.19,0,2019
"KGSK2197","fortis small",12.755,10,9.105,1,2019
"KGSK2198","fortis small",11.8,10.63,9.87,0,2020
"KGSK2200","fortis large",13.33,12.56,11.15,0,2020
"LF0010","scandens",14.22,8.56,8.51,0,2018
"LF0011","scandens",14.9,8.69,8.34,0,2018
"LF0012","fortis large",12.82,12.93,11.75,0,2018
"LF0013","fortis small",12.265,10.735,9.36,2,2018
"LF0014","scandens",14.84,9.08,8.64,0,2018
"LF0016","scandens",14.42,9.62,9.07,0,2018
"LF0018","scandens",12.56,9.19,9.16,0,2018
"LF0019","fortis small",11.61,9.25,8.91,0,2018
"LF0020","fortis small",12.28,11.39,10.2,0,2018
"LF0021","fortis small",11.02,9.85,9.35,0,2018
"LF0022","fortis small",12.005,10.25,9.4,1,2018
"LF0023","fortis small",11.33,10.79,10.15,0,2018
"LF0024","fortis large",12.88,12.93,11.5,0,2018
"LF0031","fortis large",13.49,11.96,10.97,0,2018
"LF0032","fortis large",13,13.32,11.94,0,2018
"LF0034","fortis large",13.55,13.32,11.73,0,2018
"LF0035","fortis large",12.93,12.53,11.39,0,2018
"LF0037","fortis small",11.15,10.94,9.695,0,2018
"LF0038","fortis large",12.12,11.56,11,0,2018
"LF0039","fortis small",11.89,10.29,9.68,0,2018
"LF0040","fortis large",12.94,12.04,11.28,0,2018
"LF0042","fortis large",12.43,12.75,11.59,0,2018
"LF0043","fortis large",12.69,13.34,11.8,0,2018
"LF0044","fortis small",11.28,10.77,9.86,0,2018
"LF0045","scandens",15.07,8.09,8.09,0,2018
"LF0046","fortis small",10.76,9.76,9.83,0,2018
"LF0047","fuliginosa",8.67,7.51,7.33,0,2018
"LF0049","scandens",15.23,8.82,8.5,0,2018
"LF0050","fortis small",11.81,10.62,9.52,0,2018
"LF0051","fortis small",10.98,10.2,9.58,0,2018
"LF0052","scandens",14.08,8.94,8.3,0,2018
"LF0101","fortis large",13.54,12.8,11.51,0,2018
"LF0102","scandens",14.65,8.07,8.17,0,2018
"LF0103","fortis small",10.58,9.41,8.96,0,2018
"LF0104","fortis large",12.76,12.63,11.34,0,2018
"LF0105","fortis small",11.96,10.38,10.35,0,2018
"LF0106","fortis small",11.95,10.78,9.51,0,2018
"LF0107","fortis small",11.105,10.355,9.61,2,2018
"LF0108","scandens",13.73,8.34,8.46,0,2018
"LF0109","fortis small",11.32,9.87,8.81,0,2018
"LF0110","fortis large",12.54,12.83,10.72,0,2018
"LF0112","fortis small",11.81,11.16,9.48,0,2018
"LF0114","fortis small",11.35,10.72,9.42,0,2018
"LF0115","fortis small",10.965,9.745,9.455,1,2018
"LF0116","fortis small",10.64,9.98,9.25,0,2018
"LF0117","fortis small",10.78,9.74,6.64,0,2018
"LF0118","fortis large",12.8,13.14,11.71,0,2018
"LF0119","fortis small",11.28,11.13,10.58,0,2018
"LF0122","fortis large",13.43,12.57,10.84,0,2018
"LF0123","scandens",13.6733333333333,8.15,8.34333333333333,2,2018
"LF0125","scandens",13.83,8.55,8.69,0,2018
"LF0127","fortis large",13.03,12.69,11.06,0,2018
"LF0128","fortis small",11.1,9.66,9.04,0,2018
"LF0129","fortis small",11.79,11.22,10.63,0,2018
"LF0130","fortis small",10.91,9.155,8.3,1,2018
"LF0148","fortis small",12.26,10.9,9.92,0,2018
"LF0149","fortis small",10.86,9.9,9.54,0,2018
"LF0151","fortis small",11.27,10.63,9.97,0,2018
"LF0152","fortis small",11.55,10.38,9.21,0,2018
"LF0154","fortis large",13.35,13.69,11.93,0,2018
"LF0155","fortis small",12.015,10.96,9.535,1,2018
"LF0192","fortis small",11.26,9.87,9.25,0,2019
"LF0193","fortis small",12.78,11.25,9.81,0,2019
"LF0194","fortis small",12.16,10.97,10.08,0,2019
"LF0195","fortis small",11.57,11.01,9.86,0,2019
"LF0196","fortis large",12.9766666666667,12.5766666666667,11.5733333333333,0,2019
"LF0197","scandens",14.58,8.86,8.27,0,2019
"LF0198","fortis small",11.48,11.2,10.17,0,2019
"LF0199","fortis small",11.91,10.2,9.82,0,2019
"LF0201","fortis small",11.77,10.22,9.55,0,2019
"LF0202","fortis small",11.25,11.13,9.86,0,2019
"LF0203","fuliginosa",9.05,7.03,6.66,0,2019
"LF0204","fortis small",11.42,10.45,9.54,0,2019
"LF0209","fortis small",11.45,10.6,10.4,0,2019
"LF0210","fortis large",13.33,12.67,11.4,0,2019
"LF0211","scandens",13.71,8.8,8.56,0,2019
"LF0212","scandens",14.495,8.74,7.9,1,2019
"LF0213","scandens",14.61,8.64,8.62,0,2019
"LF0215","fortis small",11.4,10.05,9.3,0,2019
"LF0216","fortis small",11.42,9.82,9.12,0,2019
"LF0217","fortis small",12.01,10.73,9.8,0,2019
"LF0219","fortis small",10.69,9.36,8.58,0,2019
"LF0220","fortis large",12.43,12.09,10.93,0,2019
"LF0221","fortis small",11.55,9.61,9.17,0,2019
"LF0224","fortis large",12.97,13.495,12.6,0,2019
"LF0225","fortis small",11.11,10.52,9.75,0,2019
"LF0226","fortis small",11.82,10.03,9.12,0,2019
"LF0227","fortis small",12.2,10.77,10.08,0,2019
"LF0228","fortis large",12.29,11.28,11.07,0,2019
"LF0229","fortis small",11.92,10.62,10.2,0,2019
"LF0230","fortis small",10.61,9.43,9.08,0,2019
"LF0231","fortis small",11.4,10.74,9.665,0,2019
"LF0232","fortis small",11.27,9.59,9.33,0,2019
"LF0233","scandens",14.19,8.31,8.44,0,2019
"LF0234","fortis large",12.81,13.05,11.49,0,2019
"LF0237","fortis large",12.96,11.96,10.83,0,2019
"LF0238","fuliginosa",8.89,7.06,7.16,0,2019
"LF0239","fortis large",13,13.06,11.48,0,2019
"LF0240","fortis small",10.375,9.775,8.78,0,2019
"LF0241","fortis small",11.27,10.08,9.31,0,2019
"LF0242","fortis small",11.985,11.34,10.15,1,2019
"LF0243","fortis large",12.61,11.99,11.09,0,2019
"LF0248","fortis small",11.72,9.97,8.97,0,2019
"LF0277","fortis small",12.13,10.89,9.81,0,2019
"LF0278","scandens",13.8,8.71333333333333,7.68666666666667,0,2019
"LF0279","fortis large",13.55,13,11.75,0,2019
"LF0281","fuliginosa",8.81,7.13,7,0,2019
"LF0282","fortis small",11.93,10.8,10.03,0,2019
"LF0284","fortis small",12.68,10.15,9.29,0,2019
"LF0285","scandens",15.15,9.045,8.8,0,2019
"LF0286","fortis small",11.87,10.13,9.85,0,2019
"LF0287","fuliginosa",9.68,7.51,7.24,0,2019
"LF0288","fuliginosa",8.57,6.69,6.94,0,2019
"LF0367","fortis large",13.64,13.02,12.13,0,2019
"LF0377","fortis small",11.33,11.26,10.37,0,2019
"LF0378","fortis large",11.93,12.42,11.17,0,2019
"LF0379","fortis small",11.8,11.95,10.24,0,2019
"LF0380","fortis large",13.26,13.62,10.82,0,2019
"LF0381","fortis small",12.24,10.77,9.905,0,2019
"LF0382","fortis small",11.3,9.9,8.67,0,2019
"LF0383","fortis large",13.32,13.52,11.76,0,2019
"LF0384","scandens",14.415,9.11,8.645,0,2019
"LF0385","fortis small",11.36,10.3,9.1,0,2019
"LF0386","fortis large",13.36,12.65,10.83,0,2019
"LF0387","scandens",14,8.32,7.64,0,2019
"LF0388","fortis small",12.4,10.55,9.41,0,2019
"LF0389","fortis large",12.69,11.63,10.43,0,2019
"LF0390","fortis small",11.55,10.98,9.79,0,2019
"LF0391","fortis small",12.01,9.97,9.43,0,2019
"LF0392","fortis small",11.11,11.23,9.73,0,2019
"LF0393","fortis small",11.87,10.59,9.08,0,2019
"LF0394","fortis small",10.62,9.92,9.05,0,2019
"LF0395","fortis small",12.46,9.97,9.54,0,2019
"LF0397","fortis small",11.73,10.6,9.82,0,2019
"LF0398","fortis small",10.015,9.21,8.285,1,2019
"LF0399","scandens",13.52,8.34,7.94,0,2019
"LF0400","fortis small",11.39,10.45,8.81,0,2019
"LF0436","fortis small",10.39,9.72,9.35,0,2018
"LF0437","fortis small",11.778,10.98,9.604,2,2018
"LF0438","scandens",13.26,8.64,8.39,0,2018
"LF0440","fortis small",12.05,10.97,9.8,0,2018
"LF0441","fortis small",11.47,10.7,9.91,0,2018
"LF0442","fortis small",10.84,10.04,9.47,0,2018
"LF0443","scandens",14.09,8.41,8.47,0,2018
"LF0488","fortis small",11.59,10.08,9.59,0,2018
"LF0490","fortis small",11.09,10.79,9.43,0,2018
"LF0491","fortis large",12.44,11.95,10.4,0,2018
"LF0492","fortis small",11.52,9.97,8.88,0,2018
"LF0493","fortis small",11.1,10.18,9.88,0,2018
"LF0494","scandens",13.97,8.29,8.15,0,2018
"LF0495","scandens",14.11,8.39,8.945,1,2018
"LF0496","fortis small",10.81,9.34,8.63,0,2018
"LF0497","fortis small",11.42,9.98,9.42,0,2018
"LF0499","fortis small",12,11.56,10.54,0,2018
"LF0833","fortis small",12.2,10.92,9.77,0,2018
"LF0834","fortis small",10.6,9.87,8.61,0,2018
"LF0835","fortis small",11.78,10.56,9.66,0,2018
"LF0836","fortis small",11.43,11.68,10.53,0,2018
"LF0837","fortis large",12.16,12.08,10.31,0,2018
"LF0838","fortis large",13.26,13.77,11.63,0,2018
"LF0839","fortis small",11.71,11.09,9.67,0,2018
"LF0841","fortis small",12.41,11.53,10.14,0,2018
"LF0842","fortis large",12.55,11.73,10.3,0,2018
"LF0844","fortis large",13.82,13.61,11.09,0,2018
"LF0845","scandens",13.39,7.9,7.83,2,2018
"LF0846","fortis large",13.64,13.35,11.52,0,2018
"LF0847","fortis small",11.06,10.7,9.11,0,2018
"LF0848","fortis large",12.8,13,11.1,0,2018
"LF0849","fortis small",11.38,11.14,10.27,0,2018
"LF0850","scandens",13.81,8.22,7.97,0,2018
"LF0851","scandens",14.43,8.58,7.98,0,2018
"LF0852","fortis large",12.61,12.67,10.8,0,2018
"LF0853","fortis small",10.72,9.97,8.86,0,2018
"LF0854","magnirostris",14.82,17.53,14.47,0,2018
"LF0855","fortis large",13.35,13.08,11.45,0,2018
"LF0856","fortis large",12.57,13.35,11.63,0,2018
"LF0857","fortis large",12.81,13.36,11.37,0,2018
"LF0858","fortis large",11.86,11.99,10.79,0,2018
"LF0859","scandens",13.95,8.59,8.39,0,2018
"LF0860","fortis large",13.69,14.09,12.4,0,2018
"LF0862","fortis small",11.13,10.02,8.65,0,2018
"LF0864","scandens",14.19,8.34,8.22,0,2018
"LF0871","fortis small",11.77,10.41,9.43,0,2018
"LF0872","fortis large",12.52,12.34,10.65,0,2018
"LF0873","fortis small",11.2,10.91,10.25,0,2018
"LF0875","fortis small",10.61,10.48,8.85,0,2018
"LF0876","fortis small",11.37,9.71,9.33,0,2018
"LF0877","fortis large",13.55,14.62,11.71,0,2018
"LF0879","fortis small",11.12,10.9,9.81,0,2018
"LF0881","fortis large",11.9,11.76,10.6,0,2018
"LF0882","fortis small",11.43,10.78,9.89,0,2018
"LF0883","fortis small",11.62,10.18,8.87,0,2018
"LF0884","fortis small",12.12,11.59,10.36,0,2018
"LF0885","fortis large",12.66,12.21,10.23,0,2018
"LF0886","fortis small",11.88,10.91,9.56,0,2018
"LF0887","fortis large",12.27,12.03,10.35,0,2018
"LF0888","fortis large",13.34,12.94,11.24,0,2018
"LF0889","fortis large",12.71,13.4,11.38,0,2018
"LF0890","fortis large",12.32,12.46,11.3,0,2018
"LF0891","fortis small",11.19,10.05,9.12,0,2018
"LF0892","fortis small",11.73,10.89,9.85,0,2018
"LF0893","fortis small",12.17,11.63,10.33,0,2018
"LF0894","fortis large",12.2,12.41,10.56,0,2018
"LF0901","scandens",14.93,9.32,8.7,0,2018
"LF0902","fortis large",12.69,12.74,11.3,0,2018
"LF0903","fortis large",12.66,12.84,10.94,0,2018
"LF0904","fortis small",10.6266666666667,10.43,9.35333333333333,1,2018
"LF0905","fortis small",12.04,11.1,9.86,0,2018
"LF0906","fortis small",10.62,10.06,8.57,0,2018
"LF0914","fortis small",11.36,10.22,9.44,0,2018
"LF0915","scandens",14.12,8.42,7.87,0,2018
"LF0916","fortis small",11.52,10.47,9.52,0,2018
"LF0917","fortis small",11.83,10.65,9.78,0,2018
"LF0918","fortis large",12.27,12.19,10.77,0,2018
"LF0919","fortis small",11.54,10.77,9.86,0,2018
"LF0920","fortis small",11.71,11.13,10.21,0,2018
"LF0921","scandens",14.89,8.08,8.22,0,2018
"LF0922","fortis small",11.38,11.67,9.6,0,2018
"LF0923","fortis large",13.015,12.53,11.53,0,2018
"LF0924","magnirostris",14.02,15.29,13.37,0,2018
"LF0925","fortis small",10.74,9.59,8.95,0,2018
"LF0926","fortis small",11.01,9.56,8.55,0,2018
"LF0927","fortis small",11.66,10.32,8.73,0,2018
"LF0928","fortis small",11.83,9.55,8.86,0,2018
"LF0929","fortis large",13.86,14.57,11.93,0,2018
"LF0930","fortis small",11.59,11.4,8.83,0,2018
"LF0931","fortis large",12.33,12.05,10.12,0,2018
"LF0932","fortis small",11.33,10.11,9.36,0,2018
"LF0933","scandens",14.56,8.77,8.75,0,2018
"LF0934","scandens",13.87,8.88,8.32,0,2018
"LF0936","fortis small",10.3,10.02,8.48,0,2018
"LF0937","fortis small",10.18,9.93,8.64,0,2018
"LF0938","fortis small",11.02,10,8.88,0,2018
"LF0941","scandens",14.39,7.81,7.58,0,2018
"LF0942","scandens",13.52,7.99,8.03,0,2018
"LF0943","fortis small",10.89,9.73,8.96,0,2018
"LF0944","fortis large",13.92,13.62,12.59,0,2018
"LF0945","fortis large",12.12,12.2,10.03,0,2018
"LF0946","scandens",13.11,8.18,7.86,0,2018
"LF0947","fortis small",11.18,10.38,9.12,0,2018
"LF0948","scandens",14.6,8.55,8.06,0,2018
"LF0949","fortis small",11.21,11.1,9.51,0,2018
"LF0950","fortis small",10.81,9.91,9.29,0,2018
"LF0951","scandens",14.55,8.04,7.41,0,2018
"LF0952","fortis small",11.83,10.98,9.92,0,2018
"LF0975","fortis small",11.77,10.43,9.46,0,2018
"LF0976","fortis small",12.92,11.29,10.07,0,2018
"LF0977","fortis small",11.21,9.94,9.06,0,2018
"LF0978","fortis small",11.55,10.4,8.94,0,2018
"LF0979","fuliginosa",7.72,6.63,6.54,0,2018
"LF0980","scandens",14.31,8.8,8.31,0,2018
"LF0981","scandens",13.99,8.12,7.77,0,2018
"LF0982","fortis small",11.06,9.85,9.14,0,2018
"LF0984","fortis small",11.18,10.99,10.01,0,2018
"LF0985","scandens",13.52,8.38,7.71,0,2018
"LF0986","fortis small",11.16,9.99,9.29,0,2018
"LF0987","fortis small",10.63,10.25,9.35,0,2018
"LF0989","fortis large",12.36,11.91,10.72,0,2018
"LF1211","fortis small",11.77,11,10.14,0,2019
"LF1214","scandens",13.3,8.11,8.05,0,2019
"LF1215","fortis small",12.22,10.84,9.68,0,2019
"LF1216","fortis small",12.1,10.42,9.44,0,2019
"LF1217","fortis small",11.695,10.265,9.17,0,2019
"LF1219","fortis small",11.235,9.705,8.945,0,2019
"LF1220","fortis small",10.76,10.14,9.4,0,2019
"LF1221","fortis large",12.71,12.03,11.09,0,2019
"LF1222","fortis small",11.44,9.67,9.23,0,2019
"LF1223","fortis small",12.55,11.53,10.08,0,2019
"LF1224","fortis small",10.76,9.68,9.03,0,2019
"LF1225","fortis small",12.31,11.26,10.02,0,2019
"LF1226","fortis small",11.025,10.23,9.705,0,2019
"LF1228","fortis small",11.53,9.67,9.02,0,2019
"LF1229","fortis small",12.21,10.79,9.78,0,2019
"LF1230","fortis small",10.54,9.42,8.65,0,2019
"LF1231","fortis large",12.49,12.35,11.64,0,2019
"LF1232","fortis small",11,10.09,9.38,0,2019
"LF1233","fortis large",13.57,13.4,11.72,0,2019
"LF1234","fortis small",12.34,11.09,10.37,0,2019
"LF1236","fortis small",11.35,9.8,9.06,0,2019
"LF1237","fortis large",13.05,12.26,10.74,0,2019
"LF1239","fortis small",11.93,10.8,10.48,0,2019
"LF1240","fortis small",11.41,10.89,9.7,0,2019
"LF1241","fortis large",12.6,11.55,10.96,0,2019
"LF1242","fortis large",12.83,13.5,11.57,0,2019
"LF1243","fortis large",12.44,11.5,10.94,0,2019
"LF1244","scandens",13.38,8.005,7.795,0,2019
"LF1246","fortis large",12.695,12.72,11.5,0,2019
"LF1247","fortis large",13.64,12.87,11.46,0,2019
"LF1248","fortis small",11.615,11.115,9.97,0,2019
"LF1249","fortis large",13.395,12.675,11.5,0,2019
"LF1250","fortis large",12.885,12.735,11.675,0,2019
"LF1266","scandens",14.965,8.465,7.945,1,2019
"LF1267","fortis large",12.68,12.07,10.76,0,2019
"LF1268","fortis large",13.2266666666667,12.4433333333333,11.14,0,2019
"LF1271","fortis large",12.43,11.98,10.97,0,2019
"LF1272","fortis small",11.49,10.68,9.95,0,2019
"LF1273","fortis small",11.06,10.825,9.695,0,2019
"LF1274","scandens",12.97,7.68,7.74,0,2019
"LF1275","fortis small",11.02,9.75,9.15,0,2019
"LF1276","fortis small",10.65,9.05,9.04,0,2019
"LF1277","fortis large",12.42,12.615,9.94,1,2019
"LF1278","fortis small",11.075,9.915,9.355,0,2019
"LF1279","scandens",13,8.46,9.1,0,2019
"LF1281","fortis small",11.54,9.91,9.17,0,2019
"LF1282","fortis large",12.96,12.77,11.7,0,2019
"LF1283","fortis large",12.93,11.57,10.37,0,2019
"LF1284","fortis large",13.14,13.26,12.01,0,2019
"LF1285","fortis large",12.86,11.91,10.79,0,2019
"LF1286","fortis small",10.74,8.45,7.63,0,2019
"LF1287","magnirostris",14.13,15.83,12.94,0,2019
"LF1288","fuliginosa",8.34,7.03,6.53,0,2019
"LF1289","fortis small",11.54,11.12,9.73,0,2019
"LF1290","fortis small",12.77,11.29,9.81,0,2019
"LF1291","fortis small",11.11,9.54,9.22,0,2019
"LF1292","magnirostris",14.23,14.51,11.94,0,2019
"LF1293","fortis small",12.14,10.28,9.52,0,2019
"LF1294","fortis small",12.25,10.95,9.62,0,2019
"LF1295","fortis small",12.01,10.67,9.26,0,2019
"LF1296","scandens",14.82,9.2,8.69,1,2019
"LF1297","fortis small",11.14,10.44,9.25,0,2019
"LF1298","fortis small",12.07,10.11,9.8,0,2019
"LF1299","fortis large",13.16,13.02,10.4,0,2019
"LF1300","fortis small",11.73,11.23,9.75,0,2019
"LF1330","scandens",15.65,8.82,7.83,0,2020
"LF1401","fortis small",11.86,10.25,9.09,0,2019
"LF1403","fortis small",11.02,9.26,8.65,0,2019
"LF1404","fortis small",11.075,9.89,8.215,1,2019
"LF1405","fortis small",11.63,10.14,9.34,0,2019
"LF1406","fortis small",12.01,11.58,9.96,0,2019
"LF1408","fortis small",12.09,10.3,8.75,0,2019
"LF1409","fortis small",11.8,10.95,9.28,0,2019
"LF1410","fortis small",11.68,10.79,9.47,0,2019
"LF1411","fortis small",11.53,9.38,8.44,0,2019
"LF1412","fortis large",13.63,11.34,10.12,0,2019
"LF1413","fortis small",12.21,11.57,10.31,0,2019
"LF1414","scandens",14.23,8.55,8.45,0,2019
"LF1415","fortis large",12.52,11.3933333333333,10.3933333333333,0,2019
"LF1416","fortis small",11.48,9.99,9.55,0,2019
"LF1418","fortis small",12.06,11.07,9.85,0,2019
"LF1419","fortis small",11.55,10.64,9.91,0,2019
"LF1421","fortis small",12.45,10.72,9.51,0,2019
"LF1422","fortis small",10.84,10.6,8.88,0,2019
"LF1423","scandens",15.31,8.42,8.16,0,2019
"LF1424","fortis small",11.23,10.77,9.42,0,2019
"LF1425","fortis large",12.36,11.91,11.21,0,2019
"LF1427","fortis large",13.46,13.2,11.44,0,2019
"LF1428","fortis small",11.68,10.79,9.78,0,2019
"LF1429","fortis small",12.41,11.05,9.52,0,2019
"LF1431","fortis small",12.18,10.95,9.9,0,2019
"LF1432","fortis small",11.6,10.48,9.42,0,2019
"LF1433","fortis small",10,9.47,8.56,0,2019
"LF1434","fortis small",11.65,9.9,9.35,0,2019
"LF1438","fortis large",13.83,14.47,12.1,0,2019
"LF1439","fortis small",12.06,11.75,9.77,0,2019
"LF1445","fortis small",12.03,10.19,9.06,0,2019
"LF1446","fortis small",11.39,10.02,9.32,0,2019
"LF1447","fortis small",11.66,10.76,9.73,0,2019
"LF1448","fortis small",11.395,11.06,9.5,1,2019
"LF1449","fortis small",11.25,10.35,9.67,0,2019
"LF1450","fortis small",11.35,9.6,8.5,0,2019
"LF1453","fortis large",13.47,13.265,11.395,0,2019
"LF1454","fortis small",12.3,11.42,10.44,0,2019
"LF1455","fortis large",13.62,13.49,11.9,0,2019
"LF1456","fortis small",11.28,9.51,9.08,0,2019
"LF1457","fortis small",10.64,10.25,8.81,0,2019
"LF1458","fortis large",13.02,11.77,10.27,0,2019
"LF1459","fortis large",14.02,13.56,11.59,0,2019
"LF1460","fortis small",11.89,11.36,9.73,0,2019
"LF1461","fortis small",12.54,11,9.31,0,2019
"LF1462","fortis large",13.47,11.55,10.95,0,2019
"LF1463","fortis large",12.34,11.54,10.46,0,2019
"LF1464","fortis small",11.96,9.96,9.09,0,2019
"LF1465","fortis small",12.11,11.55,9.41,0,2019
"LF1467","fortis small",11.24,9.22,8.81,0,2019
"LF1468","fortis small",12.4,10.98,9.84,0,2019
"LF1469","scandens",15.59,8.84,8.45,0,2019
"LF1470","fortis small",12.77,11.07,9.46,0,2019
"LF1471","fortis small",12.46,10.75,8.98,0,2019
"LF1472","scandens",14.12,8.69,8.15,0,2019
"LF1473","scandens",14.69,8.51,8.43,0,2019
"LF1474","fortis small",11.76,10.59,9.44,0,2019
"LF1475","fortis small",11.32,10.11,8.87,0,2019
"LF1476","fortis large",11.87,13.31,11.39,0,2019
"LF1477","fortis small",12.46,10.66,9.52,0,2019
"LF1478","fortis small",11.62,10.21,9.19,0,2019
"LF1479","fortis small",13.02,10.44,8.93,0,2019
"LF1480","fortis small",12.14,11.21,10.14,0,2019
"LF1481","fortis small",12.49,10.78,9.56,0,2019
"LF1482","fortis small",12.19,10.68,9.02,0,2019
"LF1483","fortis small",12.31,10.82,9.15,0,2019
"LF1484","fortis small",11.65,10.11,9.01,0,2019
"LF1485","fortis small",11.49,11.45,10.13,0,2019
"LF1486","fortis small",11.73,10.53,9.16,0,2019
"LF1487","fortis small",11.96,10.17,9.49,0,2019
"LF1488","fortis small",11.3266666666667,9.56,8.64666666666667,1,2019
"LF1489","fortis small",12.79,11.29,10.24,0,2019
"LF1490","fortis large",13.24,13.04,11.62,0,2019
"LF1491","fortis large",12.76,12.34,10.74,0,2019
"LF1492","fortis small",12.1,11.65,9.82,0,2019
"LF1493","fortis large",13.93,12.47,10.87,0,2019
"LF1494","fortis small",10.67,10.09,9.03,0,2019
"LF1495","fortis large",12.76,14.35,11.99,0,2019
"LF1496","fortis small",12.11,11.74,9.29,0,2019
"LF1497","fortis large",12.52,11.86,10.99,0,2019
"LF1498","fortis large",14.02,12.86,11.77,0,2019
"LF1499","fortis small",11.565,11.01,9.685,0,2019
"LF1500","fortis small",12.16,10.76,9.51,0,2019
"LF4101","scandens",15.215,9.855,8.425,0,2020
"LF4102","fortis small",11.19,10.55,9.2,0,2020
"LF4103","fortis small",11.15,10.09,8.58,0,2020
"LF4104","fortis small",11,10.09,9.21,0,2020
"LF4105","fortis small",11.92,11.12,9.47,0,2020
"LF4107","fortis small",10.96,10.76,9.42,0,2020
"LF4108","fortis small",10.53,10.82,8.83,0,2020
"LF4109","scandens",15.03,8.08,7.56,0,2020
"LF4110","fortis small",11.73,10.87,10.4,0,2020
"LF4111","scandens",13.44,8.4,7.78,0,2020
"LF4112","fortis small",10.79,11.16,8.84,0,2020
"LF4113","scandens",14.53,10.1,8.35,0,2020
"LF4114","scandens",13.62,8.33,7.91,0,2020
"LF4115","scandens",15.34,8.51,7.62,0,2020
"LF4116","fortis small",11.05,10.53,9.7,0,2020
"LF4117","fortis small",11.92,11.43,10.13,0,2020
"LF4141","fortis large",12.42,11.48,13.42,0,2020
"LF4142","fortis small",11.33,10.34,9.13,0,2020
"LF4143","fortis small",12.05,11.82,9.69,0,2020
"LF4145","fortis small",10.55,9.07,8.8,0,2020
"LF4146","fortis small",12.06,10.25,9.77,0,2020
"LF4147","fortis large",13.71,14.66,11.71,0,2020
"LF4148","fortis small",11.38,11.41,9.82,0,2020
"LF4149","fortis small",10.9,10.29,9.04,0,2020
"LF4150","scandens",13.7,8.53,8.13,0,2020
"LF4151","fortis large",14.1,13.18,11.14,0,2020
"LF4153","fuliginosa",9.4,7.38,7.49,0,2020
"LF4154","scandens",13.06,7.92,8.28,0,2020
"LF4155","fortis large",12.63,13.48,11.08,0,2020
"LF4157","scandens",15.21,9.08,8.34,0,2020
"LF4158","fortis large",12.7,12.79,10.87,0,2020
"LF4159","fortis small",11.63,11.31,9.3,0,2020
"LF4161","scandens",14.4,9.76,8.98,0,2020
"LF4162","scandens",14.69,10.11,8.31,0,2020
"LF4164","scandens",13.08,8.75,7.845,0,2020
"LF4165","fortis small",12.28,10.72,9.05,0,2020
"LF4167","scandens",14.61,9.88,8.09,0,2020
"LF4168","fortis small",11.09,12.1,10.01,0,2020
"LF4169","scandens",15,9.62,8.42,0,2020
"LF4170","fortis small",11.48,10.85,9.87,0,2020
"LF4171","fortis small",10.66,9.98,8.7,0,2020
"LF4172","scandens",13.4,8.75,8.05,0,2020
"LF4173","scandens",14.45,8.66,8.02,0,2020
"LF4176","scandens",15.07,8.29,8.02,0,2020
"LF4178","fortis small",11.32,10.68,10.01,0,2020
"LF4180","fortis large",13.12,14.06,11.93,0,2020
"LF4193","scandens",14.77,9.62,8.16,0,2020
"LF4196","scandens",14.63,9.28,8.2,0,2020
"LF4197","fortis large",14.0842857142857,14.0414285714286,11.9,0,2020
"LF4198","fortis small",11.43,10.67,9.15,0,2020
"LF4199","fortis small",11.58,8.965,8.155,0,2020
"LF5002","fuliginosa",8.96,7.305,6.85,0,2018
"LF5003","fuliginosa",8.75,6.69,6.57,0,2018
"LF5005","fuliginosa",8.28,7.17,6.66,0,2018
"LF5009","fuliginosa",8.42,6.87,7.07,0,2018
"LF5010","fuliginosa",8.91,6.95,7.07,0,2018
"LF5012","fuliginosa",8.07,6.39,6.17,0,2018
"LF5013","fuliginosa",8.62,6.87,6.56,0,2018
"LF5014","fuliginosa",8.86,7.13,6.93,0,2018
"LF5016","fuliginosa",8.34,7.19,6.97,0,2018
"LF5017","fuliginosa",8.56,7.02,6.76,0,2018
"LF5018","fuliginosa",9.08,7.44666666666667,7.51333333333333,1,2018
"LF5019","fuliginosa",7.95,6.83,6.72,0,2018
"LF5020","fuliginosa",9.27,7.058,6.948,2,2018
"LF5021","fuliginosa",8.95,7.5,6.9,0,2018
"LF5167","fuliginosa",8.865,6.925,7.035,0,2019
"LF5168","fuliginosa",8.15666666666667,6.88333333333333,6.26666666666667,1,2019
"LF5169","fuliginosa",8.09,6.71,6.8,0,2019
"LF5170","fuliginosa",9.05,7.05333333333333,6.69666666666667,0,2019
"LF5171","fuliginosa",8.27,6.62,6.305,0,2019
"LF5172","fuliginosa",8.24,7.02,7.465,0,2019
"LF5174","fuliginosa",8.56,7.07,6.65,0,2019
"LF5175","fuliginosa",9.01,7.73,6.94,0,2019
"LF5176","fuliginosa",9.03,7.695,7.4,0,2019
"LF5177","fortis small",10.32,9.29,8.67,0,2019
"LF5178","fuliginosa",9.1,7.44,6.67,0,2019
"LF5179","fuliginosa",9.46,7.4,6.81,0,2019
"LF5180","fuliginosa",9.84,7.59,7.19,0,2019
"LF5181","fuliginosa",9.1,7.32,6.69,0,2019
"LF5185","fuliginosa",9.03,8.51,7.86,0,2019
"LF5186","fuliginosa",10.08,7.82,7.69,0,2019
"LF5187","fortis small",9.84,9.02,8.59,0,2019
"LF5188","fuliginosa",9.01,7.62,7.11,0,2019
"LF5189","fuliginosa",9.24,7.17,7.15,0,2019
"LF5190","fuliginosa",10.17,7.85,7.49,0,2019
"LF5191","fuliginosa",8.87,7.28,6.71,0,2019
"LF5194","fuliginosa",8.99,7.49,7.27,0,2019
"LF5195","fuliginosa",8.64,7.21,6.89,0,2019
"LF5197","fuliginosa",8.05,7.04,7.1,0,2019
"LF5198","fuliginosa",8.59,7.11,6.88,0,2019
"LF5199","fuliginosa",8.9,7.32,7.46,0,2019
"LF5200","fuliginosa",8.65,6.81,6.86,0,2019
"LF5805","fuliginosa",8.47,6.78,6.77,0,2018
"LF5806","fuliginosa",8.77,7.28,6.88,0,2018
"LF5810","fuliginosa",10.3,7.95,7.52,0,2018
"LF5811","fuliginosa",8.38,7.18,7.06,0,2018
"LF5813","fuliginosa",7.97,7.09,7.08,0,2018
"LF5814","fuliginosa",9.66,7.58,7.1,0,2018
"LF5815","fuliginosa",9.1,7.11,7.04,0,2018
"LF5817","fuliginosa",9.14,7.52,7.68,0,2018
"LF5818","fuliginosa",8.52,7.18,7.01,0,2018
"LF5819","fortis small",10.31,8.66,7.94,0,2018
"LF5820","fuliginosa",8.36,7.09,6.9,0,2018
"LF5821","fuliginosa",8.57,7.08,6.66,0,2018
"LF5822","fuliginosa",8.12,7.35,6.83,0,2018
"LF5824","fuliginosa",8.79,7.19,6.63,0,2018
"LF5825","fuliginosa",7.91,7.38,6.92,0,2018
"LF5826","fuliginosa",8.43,7.22,6.66,0,2018
"LF5827","fuliginosa",8.82,7.32,6.68,0,2018
"LF5828","fuliginosa",8.29,7.27,6.85,0,2018
"LF5830","fuliginosa",8.36,6.94,6.63,0,2018
"LF5832","fuliginosa",8.3,6.44,6.34,0,2018
"LF5833","fuliginosa",9.12,7.85,6.88,0,2018
"LF5834","fuliginosa",7.95,7.45,6.94,0,2018
"LF5835","fuliginosa",8.3,7.22,6.84,0,2018
"LF5836","fuliginosa",9.5,7.35,7,0,2018
"LF5837","fuliginosa",8.67,7.02,6.98,0,2018
"LF5847","fuliginosa",8.35,6.85,6.66,0,2018
"LF5848","fuliginosa",8.65,7.07,7.02,0,2018
"LF5849","fuliginosa",8.155,6.71,6.81,0,2018
"LF5850","fuliginosa",9.14,7.43,6.8,0,2018
"LF5851","fuliginosa",8.76,7.01,6.84,0,2018
"LF5867","fuliginosa",9.05,6.77,7.02,0,2018
"LF5868","fuliginosa",8.68,7.3,7.005,1,2018
"LF5893","fuliginosa",9.32,7.11,7.13,0,2018
"LF5894","fuliginosa",8.87,6.97,6.78,0,2018
"LF5895","fuliginosa",8.3,6.88,6.65,0,2018
"LF5897","fuliginosa",8.45,6.84,6.54,0,2018
"LF5898","fuliginosa",9.35,7.67,7.25,0,2018
"LF5900","fuliginosa",9.08,7,7.13,0,2018
"LF5901","fuliginosa",8.92,7.15,6.99,0,2018
"LF5902","fuliginosa",8.61,7.01,6.4,0,2018
"LF5903","fuliginosa",8.75,7.59,7.21,0,2018
"LF5904","fuliginosa",8.6,6.81,7.25,0,2018
"LF5905","fuliginosa",8.26,6.96,6.8,0,2018
"LF5908","fuliginosa",8.3,6.43,6.68,0,2018
"LF5909","fuliginosa",8.98,7.21,7.31,0,2018
"LF5910","fuliginosa",8.78,6.69,6.72,0,2018
"LF5911","fuliginosa",9.42,7.17,6.74,0,2018
"LF5912","fuliginosa",8.89,7.05,6.74,0,2018
"LF5913","fuliginosa",8.59,6.67,7.18,0,2018
"LF5914","fuliginosa",8.69,6.65,6.5,0,2018
"LF5916","fuliginosa",8.13,6.33,6.23,0,2018
"LF5920","fuliginosa",8.25,7.07,6.61,0,2018
"LF5921","fuliginosa",8.62,6.92,7.09,0,2018
"LF5922","fuliginosa",9.2,7.63,7.38,0,2018
"LF5924","fuliginosa",8.63,6.78,6.76,0,2018
"LF5926","fuliginosa",8.2,6.77,6.65,0,2018
"LF5927","fuliginosa",9.53,7.79,7.14,0,2018
"LF5928","fuliginosa",8.21,6.9,6.94,0,2018
"LF5929","fuliginosa",8.03,6.71,6.86,0,2018
"LF5930","fuliginosa",8.59,6.79,6.6,0,2018
"LF5931","fuliginosa",8.91,6.55,6.78,0,2018
"LF5932","fuliginosa",8.36,7.05,7.05,0,2018
"LF5933","fuliginosa",6.96,6.87,6.72,0,2018
"LF5934","fuliginosa",8.95,6.57,6.45,0,2018
"LF5935","fuliginosa",7.86,6.55,6.18,0,2018
"LF5941","fuliginosa",8.77,6.97,6.71,0,2018
"LF5942","fuliginosa",7.68,6.72,6.4,0,2018
"LF5943","fuliginosa",8.71,7.19,6.87,0,2018
"LF5945","fuliginosa",9.1,7.29,7.01,0,2018
"LF5946","fuliginosa",8.82,6.77,6.77,0,2018
"LF5947","fuliginosa",9.65,6.87,6.78,0,2018
"LF5948","fuliginosa",9.06,7.09,6.93,0,2018
"LF5952","fuliginosa",8.08,6.27,6.37,0,2019
"LF5953","fuliginosa",8.13,6.68,6.74,0,2019
"LF5954","fuliginosa",8.48,6.93,6.96,0,2019
"LF5957","fuliginosa",8.63,6.94,7.09,0,2019
"LF5958","fuliginosa",8.32,6.84,6.83,0,2019
"LF5959","fuliginosa",7.94,6.74,7.05,0,2019
"LF5960","fuliginosa",8.64,7.29,7.2,0,2019
"LF5961","fortis small",11.035,10.53,9.66,1,2019
"LF5962","fuliginosa",9.18,7.56,7.42,0,2019
"LF5963","fuliginosa",8.5,6.77,6.71,0,2019
"LF5964","fuliginosa",8.66,6.64,6.43,0,2019
"LF5965","fuliginosa",8.51,6.74,6.89,0,2019
"LF5966","fuliginosa",9.2,7.33,7.1,0,2019
"LF5967","fuliginosa",9.93,7.2,6.85,0,2019
"LF5969","fuliginosa",9.42,7.57,6.72,0,2019
"LF5970","fuliginosa",8.63,6.8,6.87,0,2019
"LF5971","fuliginosa",8.65,6.75,6.96,0,2019
"LF5972","fuliginosa",9.18,6.95,7.18,0,2019
"LF5973","fuliginosa",8.98,7.45,7.01,0,2019
"LF5974","fuliginosa",8.41,7.5,6.74,0,2019
"LF5975","fuliginosa",9.68,7.3,7.07,0,2019
"LF5976","fuliginosa",8.75,7.025,6.895,0,2019
"LF5977","fuliginosa",8.66,7.17,7.36,0,2019
"LF5978","fuliginosa",9.08,7.17,7.08,0,2019
"LF5979","fuliginosa",8.8,6.93,6.45,0,2019
"LF5980","fortis small",11.29,9.91,8.94,0,2019
"LF5982","fuliginosa",8.67,7.24,6.8,0,2019
"LF5983","fuliginosa",8.26,6.8,6.83,0,2019
"LF5984","fuliginosa",8.62,6.95,6.68,0,2019
"LF5985","fuliginosa",8.835,7.29,6.94,0,2019
"LF5986","fuliginosa",8.34,7.28,6.93,1,2019
"LF5987","fuliginosa",9.29,7.18,6.86,0,2019
"LF5988","fuliginosa",8.14,6.47,6.37,0,2019
"LF5991","fuliginosa",8.69,6.62,6.895,0,2019
"LF5992","fuliginosa",8.62,7.165,6.84,0,2019
"LF5993","fuliginosa",8.66,7.05,7.03,0,2019
"LF5994","fuliginosa",8.51,7.07,6.45,0,2019
"LF5995","fuliginosa",8.45,6.96,6.68,0,2019
"LF5996","fuliginosa",8.56,6.78,6.91,0,2019
"LF5997","fuliginosa",7.94,6.33,6.68,0,2019
"LF5998","fuliginosa",8.85,7,6.84,0,2019
"LF6003","fuliginosa",9.25,6.97,6.81,0,2019
"LF6004","fuliginosa",9.4,6.67,6.59,0,2019
"LF6005","fuliginosa",9.64,7.39,6.75,0,2019
"LF6006","fuliginosa",9.3,7.08,6.91,0,2019
"LF6007","fuliginosa",8.93,6.62,6.55,0,2019
"LF6008","fuliginosa",9.33,6.56,6.67,0,2019
"LF6009","fuliginosa",9.69,7.08,6.64,0,2019
"LF6010","fuliginosa",8.27,6.7,6.41,0,2019
"LF6011","fuliginosa",9.24,7.51,6.78,1,2019
"LF6012","fuliginosa",9.05,7.38,7.3,0,2019
"LF6013","fuliginosa",8.86,7.33,6.97,0,2019
"LF6014","fuliginosa",7.85,6.82,6.48,0,2019
"LF6015","fuliginosa",9.87,7.33,7.36,0,2019
"LF6016","fuliginosa",9.22,7.03,7.17,0,2019
"LF6017","fuliginosa",8.35,6.91,6.85,0,2019
"LF6018","fuliginosa",9.63,7.05,6.83,0,2019
"LF6019","fuliginosa",9.4,6.86,6.74,0,2019
"LF6020","fuliginosa",8.89,7.71,6.78,0,2019
"LF6021","fuliginosa",8.44,6.88,6.6,0,2019
"LF6022","fuliginosa",8.34,7.2,6.93,0,2019
"LF6023","fuliginosa",8.45,7.17,6.68,0,2019
"LF6024","fuliginosa",7.75,7.02,7.2,0,2019
"LF6025","fuliginosa",8.55,6.67,6.99,0,2019
"LF6026","fuliginosa",8.7,7.27,7.05,0,2019
"LF6027","fuliginosa",9.06,6.66,6.79,0,2019
"LF6028","fuliginosa",8.95,6.76,6.6,0,2019
"LF6029","fuliginosa",8.21,6.82,6.59,0,2019
"LF6030","fuliginosa",8.33,6.91,6.27,0,2019
"LF6031","fuliginosa",9.54,6.13,7.2,0,2019
"LF6032","fuliginosa",8.29,7.2,6.91,0,2019
"LF6033","fuliginosa",8.4,7.21,7.24,0,2019
"LF6034","fuliginosa",8.88,6.7,6.6,1,2019
"LF6035","fuliginosa",7.98,6.95,6.66,0,2019
"LF6036","fuliginosa",9.13,6.62,6.59,0,2019
"LF6037","fuliginosa",8.88,8.68,6.59,0,2019
"LF6038","fuliginosa",9.12,6.94,6.66,0,2020
"LF6040","fuliginosa",9.74,7.05,6.49,0,2020
"LF6042","fuliginosa",9.05,7.81,7.04,0,2020
"LF6044","fuliginosa",9.39,7.59,6.78,0,2020
"LF6045","fuliginosa",8.91,7.13,6.81,0,2020
"LF6048","fuliginosa",9.51,7.72,7.28,0,2020
"LF6051","fuliginosa",8.33,7.3,7.15,0,2020
"LF6052","fuliginosa",8.54,7.5,6.54,0,2020
"LF6053","fuliginosa",8.17,7.01,6.54,0,2020
"LF6055","fuliginosa",9.22,6.99,6.56,0,2020
"LF6056","fortis small",10.29,9.55,8.47,0,2020
"LF6057","fuliginosa",8.3,6.74,6.81,0,2020
"LF6058","fuliginosa",8.82,7.37,6.65,0,2020
"LF6059","fuliginosa",8.09,6.87,6.4,0,2020
"LF6060","fuliginosa",8.72,6.83,6.65,0,2020
"LF6061","fuliginosa",8.82,6.73,6.61,0,2020
"LF6062","fuliginosa",9.94,7.57,6.58,0,2020
"LF6063","fuliginosa",8.85,6.9,6.87,0,2020
"LF6064","fuliginosa",9.12,6.89,6.81,0,2020
"LF6065","fuliginosa",9.67,7.14,6.94,0,2020
"LF6068","fuliginosa",8.25,7.05,6.7,0,2020
"LF6069","fuliginosa",8.93,7.2,6.85,0,2020
"LF6070","fuliginosa",9.49,7.04,6.83,0,2020
"LF6071","fuliginosa",8.79,7.17,6.37,0,2020
"LF6073","fuliginosa",8.84,6.51,6.61,0,2020
"LF6074","fuliginosa",8.99,7.18,6.43,0,2020
"LF6075","fuliginosa",9.23,7.35,6.74,0,2020
"LF6078","fuliginosa",8.13,7.36,6.33,0,2020
"LF6079","fuliginosa",7.97,6.94,6.67,0,2020
"LF6080","fuliginosa",7.75,6.62,6.39,0,2020
"LF6089","fuliginosa",7.59,5.02,4.98,0,2020
"LF6090","fuliginosa",8.82,6.3,6.24,0,2020
"LF6091","fuliginosa",8.66,7.23,6.47,0,2020
"LF6092","fuliginosa",8.345,6.7,6.085,0,2020
"LF6094","fuliginosa",8.94,7.35,6.64,0,2020
"LF9203","fuliginosa",8.18,6.8,6.32,0,2020
"LF9206","fuliginosa",8.02,7.86,6.77,0,2020
"LF9209","fuliginosa",9.83,7.46,7.28,0,2020
"LF9210","fuliginosa",8.53,7.79,6.58,0,2020
"LF9211","fortis small",10.76,10.47,8.56,0,2020
"LF9212","fuliginosa",7.87,7.46,6.7,0,2020
"LF9213","fuliginosa",8.67,7.2,7.05,0,2020
"LF9215","fuliginosa",9.14,7.76,7.24,0,2020
"LF9216","fuliginosa",8.85,8.22,6.79,0,2020
"LF9217","fuliginosa",8.82,6.84,6.41,0,2020
"LF9218","fuliginosa",8.85,7.8,6.56,0,2020
"LF9222","fuliginosa",8.97,6.67,6.16,0,2020
"MH169","fuliginosa",8.55,7.51,6.76,0,2010
"MZ211","fortis small",11.75,10.33,9.46,0,2013
"MZ212","fortis small",12.51,11.35,10.21,0,2010
"MZ296","fortis small",11.83,11.94,10.19,0,2010
"N/ANB1","fuliginosa",7.9,6.9,6.5,0,2016
"N/ANB2","fuliginosa",8.75,6.6,6.6,0,2016
"N/ANB3","fortis small",11.3,9.9,9,0,2016
"N/ANB4","fuliginosa",8.75,7.45,6.45,0,2016
"N/ANB5","fortis small",12.15,10.95,9.65,0,2016
"NOT_JP2419","scandens",14.07,8.09,7.86,0,2010
"NOT_P271","fuliginosa",8.56,7.28,6.9,0,2007
"P284","fuliginosa",8.08,6.87,7.01,0,2003
"P285","fuliginosa",8.326,7.234,6.506,7,2003
"P287","fuliginosa",8.54,7.3,6.63,0,2003
"P289","fuliginosa",8.13,7.12,6.54,0,2003
"P290","fuliginosa",7.81,6.5,7.02,0,2003
"P291","fuliginosa",8.31,7.0475,6.6825,5,2003
"P330","fuliginosa",8.81,7.71,6.5,0,2004
"P333","fuliginosa",8.74,7.58,6.66,0,2004
"P336","fuliginosa",8.495,7.275,6.725,1,2004
"P338","fuliginosa",8.055,7.74,6.825,1,2004
"P339","fuliginosa",9.38,8.57,7.55,0,2004
"P349","fuliginosa",7.97,6.87,6.54,0,2005
"P350","fuliginosa",8.72,7.08,6.71,0,2005
"P351","fuliginosa",8.305,7.17,7.015,1,2005
"P354","fuliginosa",8.76,6.94,6.93,0,2005
"P355","fuliginosa",8.5,7.23,6.45,0,2005
"P356","fuliginosa",7.56,6.75,6.36,0,2005
"P358","fuliginosa",8.05,6.96,6.61,0,2005
"P359","fuliginosa",8.28,7.33,6.11,0,2005
"P360","fuliginosa",8.42,7.01,6.65,0,2005
"P361","fuliginosa",8.48666666666667,7.75666666666667,7.48666666666667,5,2005
"P365","fuliginosa",8.5,7.51,6.59,0,2005
"P556","scandens",14.86,8.85,8.7,0,2003
"P557","fortis small",11.86,11.06,9.63,0,2003
"P558","scandens",13.935,9.05,8.35,1,2003
"P560","fortis large",14.875,13.22,11.64,2,2003
"P562","fortis small",11.79,11.01,9.56,0,2003
"P563","fortis small",11.245,11.05,9.465,3,2003
"P564","fortis small",11.52,10.28,8.86,0,2003
"P565","fortis small",11.69,10.82,9.53666666666667,1,2003
"P566","fortis small",11.4433333333333,11.3266666666667,9.29333333333333,2,2003
"P567","fortis large",12.98,12.28,11.2,0,2003
"P569","scandens",15.575,9.535,8.815,3,2003
"P572","fortis small",10.79,10.56,9.18,0,2003
"P574","fortis small",11.39,10.48,9.36,0,2003
"P575","scandens",13.925,8.765,8.66,1,2003
"P576","scandens",14.6,9.97,8.6,0,2003
"P577","fortis small",11.835,10.88,9.275,1,2003
"P578","fortis small",11.61,10.29,9.18,0,2003
"P579","scandens",13.4375,9.27,8.5425,3,2003
"P582","fortis large",13.48,13.495,11.375,1,2003
"P585","fortis large",11.19,13.96,11.06,0,2003
"P586","fortis small",11.06,11.23,10.0533333333333,3,2003
"P589","fortis small",10.295,10.22,9.04,1,2003
"P592","fortis small",11.905,10.885,9.505,1,2003
"P593","fortis large",12.53,13.46,11.48,0,2003
"P681","fortis large",13.92,14.335,12.305,1,2003
"P684","fortis small",11.5866666666667,10.64,9.77666666666667,3,2003
"P685","fortis large",13.06,13.22,11.8,0,2003
"P687","fortis large",12.78,13.05,10.995,8,2003
"P688","fortis large",13.38,13.68,11.39,0,2003
"P690","fortis small",11.03,10.48,9.57,0,2003
"P696","fortis small",10.99,10.14,9.33,0,2003
"P698","fortis small",9.78,9.44,8.32,0,2003
"P700/JP1034","fortis large",12.825,13.455,12.37,1,2003
"P701","fortis small",11.68,11.13,9.11,0,2003
"P704","fortis large",13.2,14.13,12.04,0,2003
"P705/JP1391","magnirostris",15.705,16.255,14.19,2,2003
"P731/JP1369","fortis large",12.9,12.34,10.455,1,2003
"P732","fortis small",10.86,10.57,9.44666666666667,3,2003
"P742","fortis large",12.16,11.91,10.16,0,2003
"P743","fortis small",11.36,10.52,9.07,0,2003
"P790","fortis small",11.39,10.09,8.81,0,2004
"P791","fortis small",11.835,11.38,9.03,1,2004
"P792","scandens",14.55,9.57,8.85,0,2004
"P793","scandens",14.7,8.88,8.16,0,2004
"P794","fortis small",11.245,10.725,9.315,1,2004
"P795","fortis small",11.43,11.46,9.72,0,2004
"SH031_L","fortis large",12.67,13.51,11.6,4,2008
"SH040_L","fortis small",11.87,12.11,9.95,0,2008
"SH041_L","fortis large",13.03,13.3,11.64,0,2008
"SH042_L","fortis small",10.87,10.67,9.06,0,2008
"SH043_L","fortis small",11.1,11.39,10.14,0,2008
"SH056_L","fortis small",9.57,8.87,8.285,4,2008
"SH057_L","fortis small",12.12,11.14,10,1,2008
"SH059_L","fortis large",13.39,13.39,11.06,2,2008
"SH060_L","fortis small",11.35,10.62,9.47,0,2008
"SH061_L","fortis small",11.0866666666667,10.08,9.13666666666667,2,2008
"SH062_L","fortis large",12.64,14.03,12.27,0,2008
"SH063_L","fortis small",10.9,9.35,8.22,0,2008
"SH065_L","fortis small",10.39,10.51,9.74,0,2008
"SH068_L","fortis small",10.81,10.38,8.85,0,2008
"SH070_L","fortis small",10.61,10.26,9.2,0,2008
"SH072_L","fortis small",11.67,10.65,9.28,0,2008
"SH073_L","fortis small",11.63,11.99,10.42,0,2008
"SH074_L","fortis small",10.83,10.78,9.535,1,2008
"SH075_L","fortis small",12.02,11.75,10.27,0,2008
"SH077_L","fortis small",10.46,10.69,9.11,0,2008
"SH078_L","fortis small",10.93,10.595,9.14,1,2008
"SH081_L","fortis small",12.03,10.285,9.525,3,2008
"SH082_L","fortis small",11.225,10.715,9.81,3,2008
"SH084_L","fortis small",10.61,10.26,9.29,0,2008
"SH086_L","fortis small",11.62,11.76,10.21,0,2008
"SH087_L","fortis small",11.5366666666667,10.19,9.30666666666667,7,2008
"SH088_L","fortis small",11.81,10.74,9.37,0,2008
"SH089_L","fortis small",10.95,10.97,9.54,0,2008
"SH092_L","fortis small",10.94,10.87,9.54,0,2008
"SH099_L","fortis small",10.1366666666667,10.0333333333333,9.14333333333333,2,2008
"SH100_L","fortis small",11.005,10.43,8.95,2,2008
"SH101_L","fortis large",12.2233333333333,12.76,11.42,3,2008
"SH1013_L","fortis small",11.7,10.07,9.27,0,2014
"SH104_L","fortis large",12.03,12.14,11.04,0,2008
"SH105_L","fortis small",11.23,11.6,9.69,0,2008
"SH106_L","fortis small",11.91,10.83,9.35666666666667,1,2008
"SH1064_L","fortis small",11.02,10.12,9.28,0,2013
"SH1067_L","fortis small",10.423,9.61,9.53,0,2013
"SH1069_L","fortis large",13.32,13.71,11.67,0,2013
"SH109_L","fortis large",13.17,13.94,12.14,0,2008
"SH110_L","fortis small",11.11,10.22,8.77,0,2008
"SH1101_L","fortis large",13.15,12.59,11.2,0,2013
"SH1102_L","fortis large",12.81,13.78,12.44,0,2013
"SH1109_L","fortis large",12.04,12.03,10.67,0,2013
"SH111_L","fortis small",10.73,10.94,9.395,1,2008
"SH1112","fortis large",12.28,11.74,10.22,0,2013
"SH1115","fortis small",10.66,9.6,8.73,0,2013
"SH1116","fortis small",11.96,11.4,10.14,0,2013
"SH1117","fortis large",13.07,12.91,10.87,0,2013
"SH1118","fortis small",11.38,9.66,8.87,0,2013
"SH1118_L","fortis small",12.05,9.95,8.81,0,2020
"SH112_L","fortis small",11.64,10.85,9.63,0,2008
"SH1124","fortis small",12.29,11.02,10.19,0,2013
"SH1127","scandens",14.11,7.79,7.28,0,2013
"SH113_L","fortis small",10.61,10.58,9.76,0,2008
"SH1138","fortis large",13.47,13.56,11.55,0,2013
"SH1139","fortis small",10.59,9.28,8.29,0,2013
"SH1141","fortis small",11.9,10.24,9.59,0,2013
"SH1143","fortis large",13.83,11.31,10.67,0,2013
"SH1145_L","fortis large",14.39,14.5,12.24,0,2013
"SH1148_L","fortis large",13.73,12.63,11.46,0,2013
"SH1149_L","fortis large",12.91,12.7,11.51,0,2013
"SH1151_L","magnirostris",14.94,15.79,12.71,0,2013
"SH1154_L","fortis large",13.37,14.36,11.67,0,2013
"SH118_L","fortis large",11.41,13.12,10.92,0,2008
"SH120_L","fortis small",9.32,9.125,8.01,2,2008
"SH121_L","fortis small",11.1,11.31,9.53,0,2008
"SH1214_L","scandens",14.64,9.08,8.6,0,2017
"SH122_L","fortis small",11.5125,11.76,10.2925,2,2008
"SH1222_L","fortis small",12.485,10.75,10,1,2017
"SH123_L","fortis small",11.15,11.51,10.07,0,2008
"SH1250_L","scandens",13.38,7.81,7.88,0,2017
"SH126_L","fortis small",10.99,10.66,9,0,2008
"SH127_L","fortis large",13.58,13.93,12.17,0,2008
"SH1274_L","scandens",14.18,8.63,8.16,0,2017
"SH1296_L","fortis large",12.4,12.58,10.3,0,2016
"SH1297_L","fortis large",13.17,13.06,10.76,0,2016
"SH1298_L","fortis large",12.08,12.37,10,0,2016
"SH1299_L","fortis large",11.62,12.13,10.52,0,2016
"SH1336_L","fortis small",11.16,10.19,9.55,0,2017
"SH1357_L","fortis large",12.73,11.885,10.595,1,2017
"SH138_S","fuliginosa",8.055,7.35,7.015,10,2009
"SH1383_L","fortis small",12.38,11.63,10.09,0,2016
"SH1385_L","fortis large",13.57,13.66,10.68,0,2016
"SH1387_L","fortis small",11.41,10.51,8.24,0,2016
"SH1388_L","scandens",12.47,9.24,7.89,0,2016
"SH1390_L","scandens",14.38,8.79,8.38,0,2016
"SH1403_L","fortis small",10.69,9.23,8.69,0,2009
"SH1404_L","scandens",15.08,9.60333333333333,8.63,3,2009
"SH1406_L","fortis small",11.6,10,9.1,0,2016
"SH1432_L","fortis large",12.73,12.78,11.48,0,2018
"SH144_S","fuliginosa",7.3,7.19,6.56,0,2009
"SH145_S","fuliginosa",8.825,7.595,6.78,2,2009
"SH147_S","fuliginosa",8.13,6.765,6.72714632,3,2009
"SH1499_L","fortis large",13.49,12.48,10.41,0,2017
"SH1502_L","scandens",14.2,8.44,8.23,0,2017
"SH157_S","fortis small",10,9.5,6.9,0,2009
"SH158_S","fuliginosa",8.8,7.5,7,0,2009
"SH162_S","fuliginosa",8.46,7.84,6.85,0,2009
"SH163_L","fortis small",11.08,10.02,8.62,0,2008
"SH164_L","fortis large",13.89,13.6,11.26,0,2008
"SH165_L","fortis small",11.15,10.26,8.56,0,2008
"SH165_S","fuliginosa",8.15,7.62,6.65,0,2009
"SH166_L","fortis large",13.18,13.37,11.76,0,2008
"SH166_S","fuliginosa",8.33,7.08,6.76,0,2009
"SH170_S","fuliginosa",8.195,6.88,6.66253266325,3,2009
"SH172_L","fortis small",10.84,10.27,8.895,5,2008
"SH173_L","fortis small",11.19,10.83,9.4,0,2008
"SH173_S","fuliginosa",8.25,6.88,6.66,0,2009
"SH174_S","fuliginosa",8.76,7.14,6.83,0,2009
"SH175_S","fuliginosa",7.85,7.13,5.76,0,2009
"SH176_S","fuliginosa",8.2,7.25,6.44,0,2009
"SH177_S","fuliginosa",8.62,6.77,6.59,0,2009
"SH179_S","fuliginosa",8.4,8.09,7.11,0,2009
"SH180_S","fuliginosa",7.95,7.66,7.1,0,2009
"SH181_S","fuliginosa",8.51,7.86,6.63,0,2009
"SH182_S","fuliginosa",8.09,6.82,6.03,0,2009
"SH183_S","fuliginosa",8.65,7.63,6.4,0,2009
"SH186_S","fuliginosa",8.43,7.49,6.76,0,2009
"SH187_S","fuliginosa",9.57,7.87,7.03,0,2009
"SH188_S","fuliginosa",8,7.9,7.03,0,2009
"SH206_L","fortis small",11.61,10.96,9.04,0,2008
"SH207_L","fortis small",11.8,11.98,9.8,0,2008
"SH208_L","fortis small",11.27,10.85,9.48,0,2008
"SH210_L","fortis large",13.62,13.98,12.05,0,2008
"SH211_L","fortis large",12.79,12.79,10.57,0,2008
"SH241_L","fortis small",11.045,9.695,8.9925,3,2008
"SH242_L","fortis large",13.3,15.04,11.99,0,2008
"SH243_L","fortis large",12.09,12.29,10.6,0,2008
"SH244_L","fortis large",13.23,13.74,11.24,0,2008
"SH247_S","fuliginosa",8.06,7.74,6.85,0,2009
"SH248_S","fuliginosa",8.18,7.35,6.69,0,2009
"SH250_S","fuliginosa",8.31,7.94,6.91,0,2009
"SH255_L","fortis small",10.52,10.68,9.58666666666667,2,2008
"SH256_L","fortis small",10.7,10.98,9.39,0,2008
"SH257_L","fortis small",11.8,10.75,9.88,0,2008
"SH271_S","fuliginosa",9.21,7.455,7.285,1,2009
"SH272_S","fuliginosa",8.96,7.68,6.94,0,2009
"SH277_L","fortis small",11.205,11.13,9.69,1,2009
"SH293_S","fuliginosa",8.21,8.58,6.72,0,2009
"SH295_S","fuliginosa",8.71,7.74,6.43,0,2009
"SH298_S","fuliginosa",8.76,7.98,7.2,0,2009
"SH312_S","fuliginosa",7.41,7.245,6.5,3,2009
"SH313_S","fuliginosa",8.8,7.58333333333333,6.67666666666667,1,2009
"SH314_S","fuliginosa",9.02,8.15,7.08,0,2009
"SH328_S","fuliginosa",8.36,7.51,6.56,0,2009
"SH330_S","fuliginosa",7.93,7.6,7.08,0,2009
"SH331_L","fortis small",11.83,11,9.29,0,2008
"SH336_S","fuliginosa",9.29,7.6425,7.015,10,2009
"SH359_S","fuliginosa",9.01333333333333,7.62333333333333,7.19666666666667,2,2009
"SH360_S","fuliginosa",8.69,7.92,7.21,0,2009
"SH363_L","fortis large",13.02,13.4233333333333,11.3338635766667,3,2009
"SH367_L","fortis large",13.4566666666667,13.9833333333333,12.38,5,2009
"SH368_L","fortis small",11.74,11.57,9.95,1,2009
"SH375_S","fuliginosa",8.4,7.14,6.5,0,2010
"SH376_S","fuliginosa",9.54,6.65,6.86,0,2010
"SH378_S","fuliginosa",9.4,7.01,6.54,0,2010
"SH380_S","fuliginosa",8.91,7.55,6.71,0,2010
"SH381_L","fortis small",10.49,10.36,8.81,0,2009
"SH384_L","fortis small",12.4042857142857,10.5942857142857,9.61857142857143,4,2009
"SH384_S","fuliginosa",8.6,6.84,6.5,0,2010
"SH385_S","fuliginosa",8.7,7.19,7.09,0,2010
"SH386_L","fortis small",11.41,11.2066666666667,10.2,2,2009
"SH387_S","fuliginosa",8.54,7.57,6.96,0,2010
"SH397_S","fuliginosa",8.49,7.19,6.98,0,2010
"SH398_S","fuliginosa",8.22,7.29,6.48,0,2010
"SH399_S","fuliginosa",9.175,7.24,7.185,2,2010
"SH407_S","fuliginosa",8.47,7.29,6.45,0,2010
"SH408_L","fortis large",13.4375,13.575,11.6475,4,2009
"SH409_S","fuliginosa",9.04,7.7,6.79,0,2010
"SH411_L","fortis small",11.31,10.11,9.335,1,2009
"SH414_S","fuliginosa",8.24,7.49,7.13,0,2010
"SH415_L","fortis small",11.05,11.35,9.77,0,2009
"SH416_L","fortis small",11.74,10.41,9.13,0,2009
"SH416_S","fuliginosa",8.98,8,7.33,0,2010
"SH417_L","fortis small",11.99,11.69,9.455,1,2009
"SH418_L","fortis small",11.1233333333333,9.23666666666667,8.46,2,2009
"SH418_S","fuliginosa",9.38,7.91,7.46,0,2010
"SH423_L","magnirostris",14.18,16.05,12.55,0,2009
"SH433_S","fuliginosa",8.82,6.8,6.78,0,2010
"SH435_L","fortis small",11.1,9.75,8.905,2,2009
"SH436_L","fortis small",12.06,11.11,9.87,0,2009
"SH438_L","fortis small",10.5225,9.9425,9.2125,4,2009
"SH439_S","fuliginosa",8.7,8.07,7.07,0,2010
"SH440_S","fuliginosa",8.43,6.87,6.45,0,2010
"SH441_L","fortis large",13.54,12.62,11.5,0,2009
"SH442_L","fortis large",11.65,12.33,10.18,0,2009
"SH443_L","fortis small",11.065,10.45,8.675,1,2009
"SH443_S","fuliginosa",8.39,7.51,7.36,0,2012
"SH444_L","fortis large",12.06,14.04,10.73,0,2009
"SH445_L","fortis small",10.65,10.53,8.99,0,2009
"SH450_L","fortis small",11.4825,11.5075,10.1175,2,2009
"SH457_L","fortis small",11.5333333333333,10.3266666666667,9.22666666666667,11,2009
"SH461_L","fortis small",10.36,11.17,10.01,0,2009
"SH462_L","fortis small",11.26,11.35,9.31,0,2009
"SH465_L","fortis small",11.95,11.04,9.83,0,2009
"SH472_L","fortis large",14.09,14.095,11.35,1,2009
"SH473_L","scandens",11.09,7.89,7.51,0,2009
"SH474_S","fuliginosa",9.38,8.08,7.28,0,2012
"SH475_S","fuliginosa",8.98,7.51,7.18,0,2012
"SH477_S","fuliginosa",8.54,6.91,6.89,0,2012
"SH478_S","fuliginosa",8.68,7.4,6.98,0,2012
"SH479_S","fuliginosa",9.37,7.74,7.31,0,2012
"SH480_S","fuliginosa",8.81,7.18,7,0,2012
"SH481_S","fuliginosa",8.21,6.88,6.7,0,2012
"SH482_S","fuliginosa",9.3,7.74,7.68,0,2012
"SH484_L","scandens",15.06,9.85,8.5,0,2009
"SH484_S","fuliginosa",9.21,7.46,7.14,0,2012
"SH488_L","scandens",14.78,8.9925,8.14,4,2009
"SH496_L","fortis small",11.03,10.6733333333333,9.1,1,2009
"SH498_L","scandens",13.27,8.855,8.715,1,2009
"SH501_L","fortis small",12.04,10.13,9.2,0,2009
"SH504_L","fortis small",10.73,10.8,9.06,0,2009
"SH516_L","fortis small",10.75,9.73,8.67,0,2009
"SH519_L","fortis large",13.01,12.69,11.37,0,2009
"SH520_L","fortis large",12.6066666666667,11.86,10.43,2,2009
"SH521_L","fortis large",12.94,11.97,10.88,0,2009
"SH527_L","fortis small",10.8,9.98,8.56,0,2009
"SH534_L","fortis small",11.12,8.95,8.12,0,2009
"SH535_L","fortis small",9.83,8.86,7.8,0,2009
"SH537_L","fortis small",11.42,9.79,8.96,0,2009
"SH538_L","fortis small",10.84,9.62,8.81,0,2009
"SH539_L","fortis small",12.08,10.56,9.22,0,2009
"SH541_L","magnirostris",14.97,16.84,14.42,0,2009
"SH542_L","fortis large",12.75,12.98,11.22,0,2009
"SH543_L","fortis large",14.6066666666667,14.3033333333333,12.33,10,2009
"SH545_L","fortis small",12.12,11.52,10.2,0,2009
"SH550_L","scandens",13.65,8.26,8.16,0,2009
"SH552_L","fortis small",11.43,10.34,9.29,0,2009
"SH553_L","fortis small",10.94,11.31,8.98,0,2009
"SH562_L","fortis small",11.53,11.25,9.89,0,2009
"SH563_L","fortis small",10.67,10.23,8.32,0,2009
"SH564_L","fortis small",10.7,9.095,8.59,2,2009
"SH564_S","fuliginosa",9.36,7.29,6.69,0,2013
"SH565_L","fortis small",11.78,11.94,9.81,0,2009
"SH566_L","fortis small",11.68,11.48,9.87,0,2009
"SH566_S","fuliginosa",7.94,7,6.57,0,2013
"SH567_L","fortis small",10.73,11.17,9.36,0,2009
"SH567_S","fuliginosa",8.82,7.33,6.78,0,2013
"SH568_L","fortis large",12.44,12.97,11.96,0,2009
"SH568_S","fuliginosa",9.67,7.15,6.64,0,2013
"SH569_L","fortis large",12.22,12.94,10.71,0,2009
"SH569_S","fuliginosa",8.48,7.3,6.91,0,2013
"SH570_L","fortis small",12.04,10.23,8.93,0,2009
"SH571_L","fortis small",10.93,10.39,8.67,0,2009
"SH571_S","fuliginosa",9.12,7.74,7.31,0,2013
"SH572_L","fortis small",11.88,11.59,9.73,0,2009
"SH572_S","fuliginosa",8.65,7.53,7.09,0,2013
"SH592_L","fortis small",11.96,10.93,9.67,0,2009
"SH593_L","fortis large",13.67,15.06,12.22,0,2009
"SH598_L","fortis small",11.1,11.5,9.61,0,2009
"SH599_L","fortis small",11.18,11.4,10.15,0,2009
"SH600_L","fortis small",11.65,11.9,10.05,0,2009
"SH601_L","fortis small",12.16,10.2,9.24,0,2009
"SH602_L","fortis large",13.805,13.985,12.015,1,2009
"SH603_L","fortis small",10.98,11.54,9.64,0,2009
"SH618_L","fortis small",11.3,10.81,9.05,0,2009
"SH620_L","fortis small",11.135,10.915,9.32,6,2009
"SH626_L","fortis large",13.32,12.855,10.875,1,2009
"SH634_L","scandens",12.84,9.21,8.44,0,2009
"SH635_L","fortis small",12.2,11.97,9.82,0,2009
"SH637_L","fortis small",11.37,11.81,9.54,0,2009
"SH639_L","fortis large",12.31,11.73,10.2,0,2009
"SH640_L","scandens",14.29,9.17,8.27,0,2009
"SH641_L","fortis small",10.85,10.775,9.675,4,2009
"SH661_L","fortis small",11.07,11.34,10.08,0,2009
"SH662_L","fortis small",10.78,10.62,9.04,0,2009
"SH664_L","scandens",15.0233333333333,9.34666666666667,8.46,2,2009
"SH665_L","fortis large",12.25,13.48,11.24,0,2009
"SH675_L","fortis large",13.7,15.54,12.9,0,2009
"SH680_L","fortis small",10.9,12.19,10.38,0,2009
"SH689_L","fortis small",10.21,10.06,8.66,0,2009
"SH690_L","scandens",14.24,9.2,8.36,0,2009
"SH691_L","scandens",14.93,10.04,8.38,0,2009
"SH693_L","fortis large",13.965,14.075,12.435,1,2009
"SH694_L","fortis small",11.11,11.1,9.27,0,2009
"SH714_L","fortis small",10.68,12.13,9.78,0,2009
"SH723_L","fortis large",12.95,13.46,11.22,0,2010
"SH724_L","fortis small",11.61,10.5,9.71,0,2010
"SH725_L","magnirostris",14.4,15.41,13.16,0,2010
"SH726_L","fortis small",10.33,10.27,9.05,0,2010
"SH727_L","fortis small",11.17,10.65,9.24,0,2010
"SH728_L","fortis large",15.01,14.21,11.55,0,2010
"SH729_L","fortis large",12.6,13.6,11.27,0,2010
"SH730_L","fortis small",10.935,10.685,9.62,0,2010
"SH731_L","fortis small",11.4,11.17,9.2,0,2010
"SH732_L","fortis small",11.3766666666667,11.0433333333333,9.22333333333333,0,2010
"SH733_L","fortis large",13.56,12.71,10.71,0,2010
"SH734_L","fortis small",10.99,11.27,9.81,0,2010
"SH735_L","fortis small",11.13,10.8933333333333,9.70090172866667,4,2010
"SH736_L","fortis small",11.18,10.13,9.16,0,2010
"SH739_L","fortis small",11.02,10.49,9,0,2010
"SH740_L","fortis small",11.7,11.5,9.59,0,2010
"SH743_L","fortis small",10.72,10.85,9.31,0,2010
"SH750_L","fortis small",11.77,11.76,10.23,0,2010
"SH751_L","fortis small",11.18,10.47,9.46,0,2010
"SH752_L","fortis small",11.55,10.52,9.53,0,2010
"SH758_L","fortis small",11.68,10.63,8.8,0,2010
"SH759_L","fortis small",10.21,10.4,9.02,0,2010
"SH760_L","fortis small",11.255,10.24,8.695,1,2010
"SH761_L","fortis large",13.13,12.93,11.91,0,2010
"SH762_L","fortis small",11.02,9.71,9.06,0,2010
"SH763_L","fortis large",12.13,12.18,11.2,0,2010
"SH764_L","fortis large",13.52,14.08,11.94,0,2010
"SH766_L","fortis small",10.33,9.57,8.86,0,2010
"SH767_L","fortis small",11.66,11.34,10.09,0,2010
"SH768_L","fortis small",11.41,11.225,10.13,7,2010
"SH769_L","fortis small",12.06,10.86,10.06,0,2010
"SH775_L","fortis large",13.2,13.27,11.46,0,2010
"SH780_L","fortis large",13.11,14.21,11.88,0,2010
"SH781_L","fortis small",11.31,11.43,10.18,0,2010
"SH782_L","fortis small",11.76,10.48,9.8,0,2010
"SH785_L","fortis small",10.37,9.35,8.53,0,2010
"SH786_L","fortis small",11.47,10.89,9.77,0,2010
"SH791_L","fortis large",12.88,11.33,10.27,0,2010
"SH792_L","fortis large",13.23,13.16,11.24,0,2010
"SH801_L","fortis small",11.28,9.8,9.094212742,0,2012
"SH814_L","fortis small",11.7266666666667,10.0333333333333,9.61666666666667,3,2011
"SH819_L","fortis small",11.565,10.675,9.695,2,2011
"SH824_L","fortis small",10.79,10.79,9.96,0,2011
"SH828_L","fortis large",12.73,12.45,10.86,0,2010
"SH829_L","fortis large",13.12,12.85,11.35,0,2010
"SH830_L","fortis large",13.97,13.53,11.76,0,2010
"SH834_L","fortis small",11.13,10.57,9.41,0,2010
"SH841_L","fortis small",11.11,10.15,9.36,0,2010
"SH842_L","fortis large",13.82,13.93,11.5,0,2010
"SH843_L","fortis small",11.54,10.06,9.24,0,2010
"SH847_L","fortis small",11.26,10.84,9.46,0,2010
"SH848_L","fortis small",12.04,11.72,10.45,0,2010
"SH849_S","fuliginosa",8.71,8.02,6.88,0,2016
"SH850_L","fortis small",10.52,9.71,9.29333333333333,1,2012
"SH851_L","fortis small",11.95,10.985,9.695,1,2010
"SH852_L","fortis small",11.38,11.03,9.78,0,2010
"SH853_L","fortis small",11.78,9.53,9.31,0,2010
"SH865_L","fortis large",12.21,11.86,10.46,0,2010
"SH866_L","fortis large",13.03,13.34,11.53,0,2010
"SH866_S","fuliginosa",8.29,7.98,6.77,0,2016
"SH867_S","fuliginosa",8.28,7.59,6.37,0,2016
"SH868_S","fuliginosa",8.78,7.4,6.79,0,2016
"SH869_L","fortis large",13.32,12.51,10.76,0,2010
"SH870_L","fortis small",11.38,10.28,9.21,0,2010
"SH871_L","fortis large",12.15,12.83,10.48,0,2010
"SH875_L","fortis small",10.67,10.32,9.4,0,2010
"SH876_L","scandens",14.68,8.94,8.34,0,2010
"SH877_L","scandens",14.73,8.675,8.135,0,2011
"SH880_L","fortis large",12.05,12.23,10.54,0,2010
"SH882_L","fortis large",13.58,14.18,11.76,0,2010
"SH911_L","scandens",15.82,9.45,8.81,0,2010
"SH913_L","scandens",14.63,8.775,8.125,3,2010
"SH914_L","scandens",15.42,8.35,7.69,0,2010
"SH920_L","fortis large",13.67,14.35,12.44,0,2010
"SH978_L","fortis large",13.44,14.22,12.26,0,2012
"SH979_L","fortis large",13.27,12.27,11.19,0,2012
"SH980_L","fortis small",11.91,10.7,9.75,0,2012
"SH982_L","fortis large",11.88,11.48,11.48,0,2012
"SH983_L","fortis small",11.45,10.72,10.72,0,2012
"SH984_L","fortis small",11.99,11,11,0,2012
"SH985_L","magnirostris",16.15,17.59,15.08,0,2012
"SH986_L","fortis large",13.27,12.82,11.77,0,2012
"SH987_L","magnirostris",15.18,14.87,12.97,0,2012
"SH988_L","fortis small",11.95,11.75,9.99,0,2012
"SH989_L","fortis small",11.85,11.19,10.22,0,2012
"SH990_L","fortis small",12.41,10.46,9.94,0,2012
"SH991_L","fortis small",11.59,10.31,9.7,0,2012
"SH992_L","scandens",15.52,8.94,8.48,0,2012
"SH993_L","scandens",14.98,8.82,8.32,0,2012
"SH994_L","magnirostris",15.42,15.79,13.18,0,2012
"SH999_L","magnirostris",15.44,16.55,13.48,0,2012
"SM096","fortis small",11.74,10.135,9.155,0,2019
"SM1098","scandens",14.79,8.43,8.53,0,2019
"SM1208","fortis small",11.19,10.48,8.39,0,2019
"SM1220","fortis large",12.27,11.36,10.75,0,2019
"SM1294","fortis small",11.47,9.62,8.46,0,2019
"UM339","fuliginosa",8.78,6.575,6.645,0,2017
"Wildlife box 8-250157644","fuliginosa",8.12,6.96,6.89,0,2017
